Year_Eff,Contract_Number,PBP,CMS_State,MA_Region,Plan_Type,SNP,cnt,max_count_of_year_contract_pbp
1994,H3931,069,PA,NORTHEAST,HMO,D,2,True
1998,H3931,069,PA,NORTHEAST,HMO,D,1,True
1999,H3152,074,NJ,NORTHEAST,HMO,D,1,True
2001,H3152,073,NJ,NORTHEAST,HMO,D,1,True
2004,H3931,069,PA,NORTHEAST,HMO,D,1,True
2005,H3152,073,NJ,NORTHEAST,HMO,D,1,True
2005,H3152,074,NJ,NORTHEAST,HMO,D,1,True
2005,H3931,069,PA,NORTHEAST,HMO,D,4,True
2006,H2112,013,MD,NORTHEAST,HMO,D,1,True
2006,H3931,069,PA,NORTHEAST,HMO,D,4,True
2007,H1013,024,NJ,NORTHEAST,HMO,D,1,False
2007,H1013,024,MA,NORTHEAST,HMO,D,1,False
2007,H1013,024,FL,SOUTHEAST,HMO,D,125,True
2007,H1076,011,FL,SOUTHEAST,HMO,D,388,True
2007,H1419,005,IL,CENTRAL,HMO,D,1,True
2007,H1419,005,PA,NORTHEAST,HMO,D,1,True
2007,H2112,013,MD,NORTHEAST,HMO,D,1,True
2007,H3152,073,NJ,NORTHEAST,HMO,D,1,True
2007,H3152,074,NJ,NORTHEAST,HMO,D,1,True
2007,H3931,069,PA,NORTHEAST,HMO,D,14,True
2007,H5813,005,DE,NORTHEAST,HMO,D,2,True
2007,H5850,002,MA,NORTHEAST,HMO,D,1,False
2007,H5850,002,FL,SOUTHEAST,HMO,D,896,True
2007,H5850,002,FL,Unidentified_MA_Region,HMO,D,3,False
2007,H5850,002,TX,CENTRAL,HMO,D,1,False
2007,H5850,002,SC,Unidentified_MA_Region,HMO,D,1,False
2007,H5850,002,GA,SOUTHEAST,HMO,D,2,False
2008,H0901,005,DC,NORTHEAST,HMO,D,63,True
2008,H0901,005,NC,SOUTHEAST,HMO,D,1,False
2008,H1013,024,FL,Unidentified_MA_Region,HMO,D,1,False
2008,H1013,024,FL,SOUTHEAST,HMO,D,96,True
2008,H1076,011,FL,SOUTHEAST,HMO,D,142,True
2008,H1076,011,GA,SOUTHEAST,HMO,D,1,False
2008,H1076,011,NC,SOUTHEAST,HMO,D,1,False
2008,H1419,005,MN,CENTRAL,HMO,D,1,False
2008,H1419,005,IL,CENTRAL,HMO,D,76,True
2008,H2112,013,TX,CENTRAL,HMO,D,1,False
2008,H2112,013,FL,SOUTHEAST,HMO,D,1,False
2008,H2112,013,MD,NORTHEAST,HMO,D,312,True
2008,H2112,013,VA,NORTHEAST,HMO,D,1,False
2008,H2112,013,PA,NORTHEAST,HMO,D,2,False
2008,H2112,013,CO,CENTRAL,HMO,D,1,False
2008,H3152,073,PA,NORTHEAST,HMO,D,5,False
2008,H3152,073,NC,SOUTHEAST,HMO,D,2,False
2008,H3152,073,SC,SOUTHEAST,HMO,D,1,False
2008,H3152,073,VA,NORTHEAST,HMO,D,2,False
2008,H3152,073,CA,WEST,HMO,D,1,False
2008,H3152,073,NJ,NORTHEAST,HMO,D,262,True
2008,H3152,074,SC,SOUTHEAST,HMO,D,1,False
2008,H3152,074,FL,SOUTHEAST,HMO,D,1,False
2008,H3152,074,NC,SOUTHEAST,HMO,D,1,False
2008,H3152,074,PA,NORTHEAST,HMO,D,2,False
2008,H3152,074,NJ,NORTHEAST,HMO,D,492,True
2008,H3152,074,GA,SOUTHEAST,HMO,D,1,False
2008,H3152,074,AR,SOUTHEAST,HMO,D,1,False
2008,H3931,069,NJ,NORTHEAST,HMO,D,5,False
2008,H3931,069,NC,SOUTHEAST,HMO,D,2,False
2008,H3931,069,PA,NORTHEAST,HMO,D,1101,True
2008,H3931,069,CT,NORTHEAST,HMO,D,2,False
2008,H3931,069,MD,NORTHEAST,HMO,D,12,False
2008,H3931,069,DE,NORTHEAST,HMO,D,3,False
2008,H3931,069,NY,NORTHEAST,HMO,D,3,False
2008,H3931,069,U,Unidentified_MA_Region,HMO,D,1,False
2008,H3931,069,RI,NORTHEAST,HMO,D,1,False
2008,H3931,069,VA,NORTHEAST,HMO,D,1,False
2008,H3931,069,GA,SOUTHEAST,HMO,D,2,False
2008,H3931,069,PR,PUERTORICO,HMO,D,2,False
2008,H3931,069,FL,SOUTHEAST,HMO,D,4,False
2008,H5813,005,NJ,NORTHEAST,HMO,D,1,False
2008,H5813,005,PA,NORTHEAST,HMO,D,1,False
2008,H5813,005,MO,CENTRAL,HMO,D,1,False
2008,H5813,005,DE,NORTHEAST,HMO,D,104,True
2008,H5850,002,FL,SOUTHEAST,HMO,D,455,True
2008,H5850,002,NY,NORTHEAST,HMO,D,1,False
2008,H5850,002,CA,WEST,HMO,D,1,False
2008,H5850,002,FL,Unidentified_MA_Region,HMO,D,1,False
2008,H5850,002,GA,SOUTHEAST,HMO,D,1,False
2009,H0901,005,DC,NORTHEAST,HMO,D,6,True
2009,H0901,005,VA,NORTHEAST,HMO,D,1,False
2009,H1013,024,FL,SOUTHEAST,HMO,D,98,True
2009,H1076,011,FL,SOUTHEAST,HMO,D,112,True
2009,H1419,005,OH,CENTRAL,HMO,D,1,False
2009,H1419,005,IL,CENTRAL,HMO,D,65,True
2009,H1419,005,FL,SOUTHEAST,HMO,D,1,False
2009,H1419,005,IA,CENTRAL,HMO,D,1,False
2009,H2112,013,DE,NORTHEAST,HMO,D,1,False
2009,H2112,013,DC,NORTHEAST,HMO,D,1,False
2009,H2112,013,MD,NORTHEAST,HMO,D,163,True
2009,H2112,013,NC,SOUTHEAST,HMO,D,2,False
2009,H3152,073,NJ,NORTHEAST,HMO,D,96,True
2009,H3152,073,FL,SOUTHEAST,HMO,D,1,False
2009,H3152,074,AZ,WEST,HMO,D,1,False
2009,H3152,074,SC,SOUTHEAST,HMO,D,1,False
2009,H3152,074,NJ,NORTHEAST,HMO,D,270,True
2009,H3152,074,FL,SOUTHEAST,HMO,D,3,False
2009,H3931,069,TN,SOUTHEAST,HMO,D,1,False
2009,H3931,069,FL,SOUTHEAST,HMO,D,3,False
2009,H3931,069,CT,NORTHEAST,HMO,D,1,False
2009,H3931,069,PA,NORTHEAST,HMO,D,1233,True
2009,H3931,069,NM,CENTRAL,HMO,D,1,False
2009,H3931,069,GA,SOUTHEAST,HMO,D,1,False
2009,H3931,069,NJ,NORTHEAST,HMO,D,4,False
2009,H5813,005,DE,NORTHEAST,HMO,D,35,True
2009,H5850,002,SC,SOUTHEAST,HMO,D,1,False
2009,H5850,002,FL,SOUTHEAST,HMO,D,807,True
2009,H5850,002,GA,SOUTHEAST,HMO,D,1,False
2009,H5850,002,MD,NORTHEAST,HMO,D,1,False
2009,H5850,002,NY,NORTHEAST,HMO,D,1,False
2009,H5850,002,MI,CENTRAL,HMO,D,1,False
2010,H1013,024,FL,SOUTHEAST,HMO,D,227,True
2010,H1013,024,MA,NORTHEAST,HMO,D,1,False
2010,H1013,024,NY,NORTHEAST,HMO,D,1,False
2010,H1076,011,GA,Unidentified_MA_Region,HMO,D,1,False
2010,H1076,011,CT,NORTHEAST,HMO,D,1,False
2010,H1076,011,NY,NORTHEAST,HMO,D,2,False
2010,H1076,011,TX,CENTRAL,HMO,D,1,False
2010,H1076,011,GA,SOUTHEAST,HMO,D,1,False
2010,H1076,011,FL,SOUTHEAST,HMO,D,450,True
2010,H1076,011,SC,SOUTHEAST,HMO,D,1,False
2010,H3152,074,NJ,NORTHEAST,HMO,D,141,True
2010,H5850,002,GA,SOUTHEAST,HMO,D,2,False
2010,H5850,002,NV,WEST,HMO,D,1,False
2010,H5850,002,FL,SOUTHEAST,HMO,D,892,True
2010,H5850,002,GA,Unidentified_MA_Region,HMO,D,1,False
2010,H5850,002,NJ,NORTHEAST,HMO,D,1,False
2010,H5850,002,LA,SOUTHEAST,HMO,D,1,False
2010,H5850,002,FL,Unidentified_MA_Region,HMO,D,2,False
2011,H1013,024,MA,NORTHEAST,HMO,D,1,False
2011,H1013,024,NC,SOUTHEAST,HMO,D,1,False
2011,H1013,024,FL,Unidentified_MA_Region,HMO,D,1,False
2011,H1013,024,FL,SOUTHEAST,HMO,D,320,True
2011,H1013,024,WA,WEST,HMO,D,2,False
2011,H1013,024,GA,SOUTHEAST,HMO,D,1,False
2011,H1076,011,TN,SOUTHEAST,HMO,D,1,False
2011,H1076,011,VA,NORTHEAST,HMO,D,1,False
2011,H1076,011,NC,SOUTHEAST,HMO,D,1,False
2011,H1076,011,NY,NORTHEAST,HMO,D,1,False
2011,H1076,011,FL,SOUTHEAST,HMO,D,524,True
2011,H1076,011,MA,NORTHEAST,HMO,D,1,False
2011,H5850,002,MD,NORTHEAST,HMO,D,2,False
2011,H5850,002,AR,SOUTHEAST,HMO,D,1,False
2011,H5850,002,TX,CENTRAL,HMO,D,3,False
2011,H5850,002,MA,NORTHEAST,HMO,D,1,False
2011,H5850,002,GA,SOUTHEAST,HMO,D,4,False
2011,H5850,002,NC,SOUTHEAST,HMO,D,1,False
2011,H5850,002,FL,SOUTHEAST,HMO,D,1330,True
2011,H5850,002,CA,WEST,HMO,D,1,False
2011,H5850,002,AL,SOUTHEAST,HMO,D,1,False
2012,H1013,024,FL,SOUTHEAST,HMO,D,242,True
2012,H1013,024,GA,SOUTHEAST,HMO,D,2,False
2012,H1076,011,NY,NORTHEAST,HMO,D,1,False
2012,H1076,011,TX,CENTRAL,HMO,D,2,False
2012,H1076,011,MO,CENTRAL,HMO,D,1,False
2012,H1076,011,GA,SOUTHEAST,HMO,D,1,False
2012,H1076,011,FL,SOUTHEAST,HMO,D,569,True
2012,H5850,002,WI,CENTRAL,HMO,D,1,False
2012,H5850,002,PA,NORTHEAST,HMO,D,3,False
2012,H5850,002,FL,SOUTHEAST,HMO,D,2070,True
2012,H5850,002,IL,CENTRAL,HMO,D,1,False
2012,H5850,002,CA,WEST,HMO,D,1,False
2012,H5850,002,CT,NORTHEAST,HMO,D,1,False
2012,H5850,002,TX,CENTRAL,HMO,D,2,False
2012,H5850,002,GA,SOUTHEAST,HMO,D,6,False
2012,H5850,002,NC,SOUTHEAST,HMO,D,1,False
2012,H5850,002,IN,CENTRAL,HMO,D,1,False
2012,H5850,002,NY,NORTHEAST,HMO,D,1,False
2012,H5850,002,MS,SOUTHEAST,HMO,D,1,False
2012,H5850,023,VA,NORTHEAST,HMO,D,1,False
2012,H5850,023,FL,SOUTHEAST,HMO,D,278,True
2012,H5850,023,AL,SOUTHEAST,HMO,D,1,False
2012,H5850,023,FL,Unidentified_MA_Region,HMO,D,1,False
2012,H5850,023,GA,SOUTHEAST,HMO,D,2,False
2012,H5850,023,AZ,WEST,HMO,D,1,False
2013,H1013,024,PA,NORTHEAST,HMO,D,1,False
2013,H1013,024,MS,SOUTHEAST,HMO,D,1,False
2013,H1013,024,FL,SOUTHEAST,HMO,D,265,True
2013,H1013,024,TX,CENTRAL,HMO,D,1,False
2013,H1013,024,RI,NORTHEAST,HMO,D,1,False
2013,H1076,011,MT,WEST,HMO,D,1,False
2013,H1076,011,GA,SOUTHEAST,HMO,D,2,False
2013,H1076,011,MA,NORTHEAST,HMO,D,1,False
2013,H1076,011,TN,SOUTHEAST,HMO,D,1,False
2013,H1076,011,CA,WEST,HMO,D,1,False
2013,H1076,011,FL,SOUTHEAST,HMO,D,1059,True
2013,H1076,011,TX,CENTRAL,HMO,D,2,False
2013,H1076,011,NV,WEST,HMO,D,1,False
2013,H1076,011,SC,SOUTHEAST,HMO,D,1,False
2013,H2663,014,IA,CENTRAL,HMO,D,1,False
2013,H2663,014,FL,SOUTHEAST,HMO,D,1,False
2013,H2663,014,MO,CENTRAL,HMO,D,819,True
2013,H2663,014,CA,WEST,HMO,D,1,False
2013,H2663,014,GA,SOUTHEAST,HMO,D,2,False
2013,H2663,014,KY,CENTRAL,HMO,D,1,False
2013,H2663,014,TN,SOUTHEAST,HMO,D,1,False
2013,H2667,018,MO,CENTRAL,HMO,D,3,True
2013,H2672,011,MO,CENTRAL,HMO,D,2,True
2013,H3959,035,PA,NORTHEAST,DSNP,D,97,True
2013,H3959,036,PA,NORTHEAST,DSNP,D,1141,True
2013,H3959,036,NY,NORTHEAST,DSNP,D,2,False
2013,H3959,036,SC,SOUTHEAST,DSNP,D,1,False
2013,H3959,036,WV,NORTHEAST,DSNP,D,1,False
2013,H3959,036,NC,SOUTHEAST,DSNP,D,1,False
2013,H3959,036,GA,SOUTHEAST,DSNP,D,1,False
2013,H3959,036,PA,Unidentified_MA_Region,DSNP,D,1,False
2013,H3959,036,FL,SOUTHEAST,DSNP,D,1,False
2013,H3959,036,CA,WEST,DSNP,D,1,False
2013,H3959,036,OH,CENTRAL,DSNP,D,1,False
2013,H3959,036,MD,NORTHEAST,DSNP,D,2,False
2013,H5850,002,PA,NORTHEAST,HMO,D,3,False
2013,H5850,002,GA,SOUTHEAST,HMO,D,7,False
2013,H5850,002,UT,WEST,HMO,D,2,False
2013,H5850,002,NV,WEST,HMO,D,2,False
2013,H5850,002,IL,CENTRAL,HMO,D,1,False
2013,H5850,002,AL,Unidentified_MA_Region,HMO,D,1,False
2013,H5850,002,PR,PUERTORICO,HMO,D,1,False
2013,H5850,002,FL,SOUTHEAST,HMO,D,2801,True
2013,H5850,002,CA,WEST,HMO,D,2,False
2013,H5850,002,SC,SOUTHEAST,HMO,D,1,False
2013,H5850,002,NY,NORTHEAST,HMO,D,2,False
2013,H5850,002,OR,WEST,HMO,D,1,False
2013,H5850,002,FL,Unidentified_MA_Region,HMO,D,3,False
2013,H5850,002,TN,SOUTHEAST,HMO,D,1,False
2013,H5850,002,VA,NORTHEAST,HMO,D,2,False
2013,H5850,002,NJ,NORTHEAST,HMO,D,2,False
2013,H5850,002,TX,CENTRAL,HMO,D,3,False
2013,H5850,023,IL,CENTRAL,HMO,D,2,False
2013,H5850,023,NY,NORTHEAST,HMO,D,2,False
2013,H5850,023,GA,SOUTHEAST,HMO,D,2,False
2013,H5850,023,FL,SOUTHEAST,HMO,D,238,True
2014,H1013,024,FL,SOUTHEAST,HMO,D,383,True
2014,H1013,024,GA,SOUTHEAST,HMO,D,1,False
2014,H1076,011,FL,Unidentified_MA_Region,HMO,D,1,False
2014,H1076,011,NC,SOUTHEAST,HMO,D,2,False
2014,H1076,011,GA,SOUTHEAST,HMO,D,2,False
2014,H1076,011,TX,CENTRAL,HMO,D,1,False
2014,H1076,011,SC,SOUTHEAST,HMO,D,1,False
2014,H1076,011,WA,WEST,HMO,D,1,False
2014,H1076,011,CA,WEST,HMO,D,1,False
2014,H1076,011,MA,NORTHEAST,HMO,D,1,False
2014,H1076,011,FL,SOUTHEAST,HMO,D,903,True
2014,H2663,014,NM,CENTRAL,HMO,D,1,False
2014,H2663,014,KS,CENTRAL,HMO,D,1,False
2014,H2663,014,CA,WEST,HMO,D,1,False
2014,H2663,014,MT,WEST,HMO,D,1,False
2014,H2663,014,UT,WEST,HMO,D,1,False
2014,H2663,014,MO,Unidentified_MA_Region,HMO,D,4,False
2014,H2663,014,IA,CENTRAL,HMO,D,4,False
2014,H2663,014,WA,WEST,HMO,D,2,False
2014,H2663,014,TN,SOUTHEAST,HMO,D,1,False
2014,H2663,014,MO,CENTRAL,HMO,D,1707,True
2014,H2663,014,DE,NORTHEAST,HMO,D,1,False
2014,H2663,014,TX,CENTRAL,HMO,D,2,False
2014,H2667,018,MO,CENTRAL,HMO,D,15,True
2014,H2672,011,MO,CENTRAL,HMO,D,11,True
2014,H3959,035,NC,SOUTHEAST,DSNP,D,1,False
2014,H3959,035,PA,NORTHEAST,DSNP,D,779,True
2014,H3959,035,FL,SOUTHEAST,DSNP,D,1,False
2014,H3959,036,DE,NORTHEAST,DSNP,D,1,False
2014,H3959,036,TN,SOUTHEAST,DSNP,D,1,False
2014,H3959,036,OK,CENTRAL,DSNP,D,2,False
2014,H3959,036,MN,CENTRAL,DSNP,D,1,False
2014,H3959,036,NY,NORTHEAST,DSNP,D,3,False
2014,H3959,036,MA,NORTHEAST,DSNP,D,2,False
2014,H3959,036,AZ,WEST,DSNP,D,1,False
2014,H3959,036,WA,WEST,DSNP,D,1,False
2014,H3959,036,CT,NORTHEAST,DSNP,D,1,False
2014,H3959,036,WV,NORTHEAST,DSNP,D,5,False
2014,H3959,036,VA,NORTHEAST,DSNP,D,2,False
2014,H3959,036,NJ,NORTHEAST,DSNP,D,3,False
2014,H3959,036,MO,CENTRAL,DSNP,D,1,False
2014,H3959,036,CA,WEST,DSNP,D,1,False
2014,H3959,036,NC,SOUTHEAST,DSNP,D,4,False
2014,H3959,036,TX,CENTRAL,DSNP,D,2,False
2014,H3959,036,MI,CENTRAL,DSNP,D,2,False
2014,H3959,036,FL,SOUTHEAST,DSNP,D,19,False
2014,H3959,036,PA,NORTHEAST,DSNP,D,5881,True
2014,H3959,036,KY,CENTRAL,DSNP,D,1,False
2014,H3959,036,CO,CENTRAL,DSNP,D,2,False
2014,H3959,036,KS,CENTRAL,DSNP,D,2,False
2014,H3959,036,OH,CENTRAL,DSNP,D,10,False
2014,H3959,036,PA,Unidentified_MA_Region,DSNP,D,8,False
2014,H3959,036,SC,SOUTHEAST,DSNP,D,3,False
2014,H5850,002,OR,WEST,HMO,D,2,False
2014,H5850,002,AL,SOUTHEAST,HMO,D,1,False
2014,H5850,002,MO,CENTRAL,HMO,D,1,False
2014,H5850,002,NM,CENTRAL,HMO,D,1,False
2014,H5850,002,IA,CENTRAL,HMO,D,1,False
2014,H5850,002,RI,NORTHEAST,HMO,D,1,False
2014,H5850,002,KY,CENTRAL,HMO,D,2,False
2014,H5850,002,MA,NORTHEAST,HMO,D,1,False
2014,H5850,002,FL,Unidentified_MA_Region,HMO,D,2,False
2014,H5850,002,TX,CENTRAL,HMO,D,4,False
2014,H5850,002,LA,SOUTHEAST,HMO,D,3,False
2014,H5850,002,WA,WEST,HMO,D,3,False
2014,H5850,002,NE,CENTRAL,HMO,D,1,False
2014,H5850,002,NJ,NORTHEAST,HMO,D,4,False
2014,H5850,002,FL,SOUTHEAST,HMO,D,5063,True
2014,H5850,002,NC,Unidentified_MA_Region,HMO,D,1,False
2014,H5850,002,AR,SOUTHEAST,HMO,D,1,False
2014,H5850,002,OH,CENTRAL,HMO,D,1,False
2014,H5850,002,CA,WEST,HMO,D,1,False
2014,H5850,002,NY,NORTHEAST,HMO,D,4,False
2014,H5850,002,GA,SOUTHEAST,HMO,D,8,False
2014,H5850,002,NC,SOUTHEAST,HMO,D,2,False
2014,H5850,002,SC,SOUTHEAST,HMO,D,2,False
2014,H5850,002,PA,NORTHEAST,HMO,D,6,False
2014,H5850,002,PR,PUERTORICO,HMO,D,1,False
2014,H5850,002,KS,CENTRAL,HMO,D,1,False
2014,H5850,023,AL,SOUTHEAST,HMO,D,8,False
2014,H5850,023,PA,NORTHEAST,HMO,D,10,False
2014,H5850,023,KY,CENTRAL,HMO,D,3,False
2014,H5850,023,CT,NORTHEAST,HMO,D,3,False
2014,H5850,023,MD,NORTHEAST,HMO,D,1,False
2014,H5850,023,NC,SOUTHEAST,HMO,D,11,False
2014,H5850,023,GA,Unidentified_MA_Region,HMO,D,1,False
2014,H5850,023,NY,NORTHEAST,HMO,D,5,False
2014,H5850,023,MN,CENTRAL,HMO,D,1,False
2014,H5850,023,SC,SOUTHEAST,HMO,D,2,False
2014,H5850,023,WI,CENTRAL,HMO,D,2,False
2014,H5850,023,IN,CENTRAL,HMO,D,5,False
2014,H5850,023,VA,NORTHEAST,HMO,D,5,False
2014,H5850,023,RI,NORTHEAST,HMO,D,1,False
2014,H5850,023,MI,CENTRAL,HMO,D,6,False
2014,H5850,023,FL,SOUTHEAST,HMO,D,6846,True
2014,H5850,023,KS,CENTRAL,HMO,D,2,False
2014,H5850,023,TN,SOUTHEAST,HMO,D,2,False
2014,H5850,023,WV,NORTHEAST,HMO,D,4,False
2014,H5850,023,OH,CENTRAL,HMO,D,6,False
2014,H5850,023,AR,SOUTHEAST,HMO,D,1,False
2014,H5850,023,FL,Unidentified_MA_Region,HMO,D,18,False
2014,H5850,023,NV,WEST,HMO,D,1,False
2014,H5850,023,MS,SOUTHEAST,HMO,D,1,False
2014,H5850,023,TX,CENTRAL,HMO,D,6,False
2014,H5850,023,CA,WEST,HMO,D,3,False
2014,H5850,023,GA,SOUTHEAST,HMO,D,17,False
2014,H5850,023,MA,NORTHEAST,HMO,D,3,False
2014,H5850,023,AZ,WEST,HMO,D,2,False
2014,H5850,023,NY,Unidentified_MA_Region,HMO,D,1,False
2014,H5850,023,OK,CENTRAL,HMO,D,1,False
2014,H5850,023,LA,SOUTHEAST,HMO,D,1,False
2014,H5850,023,NE,CENTRAL,HMO,D,1,False
2014,H5850,023,PR,PUERTORICO,HMO,D,4,False
2014,H5850,023,NH,NORTHEAST,HMO,D,1,False
2014,H5850,023,NJ,NORTHEAST,HMO,D,5,False
2014,H5850,023,MO,CENTRAL,HMO,D,6,False
2015,H1013,024,FL,Unidentified_MA_Region,HMO,D,1,False
2015,H1013,024,FL,SOUTHEAST,HMO,D,542,True
2015,H1013,024,NC,SOUTHEAST,HMO,D,1,False
2015,H1013,024,NJ,NORTHEAST,HMO,D,1,False
2015,H1013,024,GA,SOUTHEAST,HMO,D,1,False
2015,H1013,030,KY,CENTRAL,HMO,D,2,False
2015,H1013,030,WA,WEST,HMO,D,3,False
2015,H1013,030,NC,Unidentified_MA_Region,HMO,D,1,False
2015,H1013,030,NC,SOUTHEAST,HMO,D,4,False
2015,H1013,030,WI,CENTRAL,HMO,D,1,False
2015,H1013,030,TX,CENTRAL,HMO,D,10,False
2015,H1013,030,KS,CENTRAL,HMO,D,1,False
2015,H1013,030,NV,WEST,HMO,D,5,False
2015,H1013,030,OR,WEST,HMO,D,2,False
2015,H1013,030,MD,NORTHEAST,HMO,D,2,False
2015,H1013,030,MA,NORTHEAST,HMO,D,3,False
2015,H1013,030,RI,NORTHEAST,HMO,D,2,False
2015,H1013,030,LA,SOUTHEAST,HMO,D,3,False
2015,H1013,030,FL,SOUTHEAST,HMO,D,14285,True
2015,H1013,030,IL,CENTRAL,HMO,D,2,False
2015,H1013,030,MO,CENTRAL,HMO,D,1,False
2015,H1013,030,PA,NORTHEAST,HMO,D,8,False
2015,H1013,030,VA,NORTHEAST,HMO,D,2,False
2015,H1013,030,GA,Unidentified_MA_Region,HMO,D,1,False
2015,H1013,030,CA,WEST,HMO,D,4,False
2015,H1013,030,UT,WEST,HMO,D,1,False
2015,H1013,030,FL,Unidentified_MA_Region,HMO,D,12,False
2015,H1013,030,OH,CENTRAL,HMO,D,1,False
2015,H1013,030,SC,SOUTHEAST,HMO,D,6,False
2015,H1013,030,GA,SOUTHEAST,HMO,D,24,False
2015,H1013,030,TN,SOUTHEAST,HMO,D,1,False
2015,H1013,030,NE,CENTRAL,HMO,D,1,False
2015,H1013,030,NJ,NORTHEAST,HMO,D,6,False
2015,H1013,030,NY,NORTHEAST,HMO,D,2,False
2015,H1013,030,NM,CENTRAL,HMO,D,2,False
2015,H1013,034,GA,Unidentified_MA_Region,HMO,D,1,False
2015,H1013,034,NV,WEST,HMO,D,3,False
2015,H1013,034,OH,CENTRAL,HMO,D,2,False
2015,H1013,034,NY,Unidentified_MA_Region,HMO,D,1,False
2015,H1013,034,NJ,NORTHEAST,HMO,D,4,False
2015,H1013,034,FL,SOUTHEAST,HMO,D,9662,True
2015,H1013,034,LA,SOUTHEAST,HMO,D,1,False
2015,H1013,034,GA,SOUTHEAST,HMO,D,21,False
2015,H1013,034,TX,CENTRAL,HMO,D,8,False
2015,H1013,034,NE,CENTRAL,HMO,D,1,False
2015,H1013,034,MA,NORTHEAST,HMO,D,5,False
2015,H1013,034,FL,Unidentified_MA_Region,HMO,D,19,False
2015,H1013,034,OK,CENTRAL,HMO,D,1,False
2015,H1013,034,ME,NORTHEAST,HMO,D,1,False
2015,H1013,034,WI,CENTRAL,HMO,D,1,False
2015,H1013,034,AL,SOUTHEAST,HMO,D,6,False
2015,H1013,034,CA,WEST,HMO,D,2,False
2015,H1013,034,AZ,WEST,HMO,D,3,False
2015,H1013,034,MO,CENTRAL,HMO,D,4,False
2015,H1013,034,NH,NORTHEAST,HMO,D,1,False
2015,H1013,034,PA,Unidentified_MA_Region,HMO,D,1,False
2015,H1013,034,PR,PUERTORICO,HMO,D,1,False
2015,H1013,034,IN,CENTRAL,HMO,D,3,False
2015,H1013,034,AR,SOUTHEAST,HMO,D,1,False
2015,H1013,034,TN,SOUTHEAST,HMO,D,1,False
2015,H1013,034,CT,NORTHEAST,HMO,D,1,False
2015,H1013,034,VA,NORTHEAST,HMO,D,4,False
2015,H1013,034,NC,SOUTHEAST,HMO,D,7,False
2015,H1013,034,SC,SOUTHEAST,HMO,D,1,False
2015,H1013,034,KS,CENTRAL,HMO,D,1,False
2015,H1013,034,RI,NORTHEAST,HMO,D,1,False
2015,H1013,034,WV,NORTHEAST,HMO,D,2,False
2015,H1013,034,MD,NORTHEAST,HMO,D,1,False
2015,H1013,034,PA,NORTHEAST,HMO,D,9,False
2015,H1013,034,NY,NORTHEAST,HMO,D,2,False
2015,H1013,034,MI,CENTRAL,HMO,D,6,False
2015,H1013,034,IL,CENTRAL,HMO,D,4,False
2015,H2663,014,MO,CENTRAL,HMO,D,996,True
2015,H2663,014,CO,CENTRAL,HMO,D,1,False
2015,H2663,014,KY,CENTRAL,HMO,D,1,False
2015,H2663,014,MT,WEST,HMO,D,1,False
2015,H2663,014,AR,SOUTHEAST,HMO,D,1,False
2015,H2663,014,IL,CENTRAL,HMO,D,2,False
2015,H3959,035,AZ,WEST,DSNP,D,1,False
2015,H3959,035,PA,NORTHEAST,DSNP,D,341,True
2015,H3959,035,NY,NORTHEAST,DSNP,D,1,False
2015,H3959,035,FL,SOUTHEAST,DSNP,D,1,False
2015,H3959,036,GA,SOUTHEAST,DSNP,D,1,False
2015,H3959,036,FL,SOUTHEAST,DSNP,D,3,False
2015,H3959,036,OH,CENTRAL,DSNP,D,2,False
2015,H3959,036,WV,NORTHEAST,DSNP,D,1,False
2015,H3959,036,NY,NORTHEAST,DSNP,D,1,False
2015,H3959,036,PA,Unidentified_MA_Region,DSNP,D,1,False
2015,H3959,036,PA,NORTHEAST,DSNP,D,1581,True
2016,H3959,035,PA,NORTHEAST,DSNP,D,337,True
2016,H3959,035,FL,SOUTHEAST,DSNP,D,1,False
2016,H3959,036,PA,Unidentified_MA_Region,DSNP,D,2,False
2016,H3959,036,PA,NORTHEAST,DSNP,D,345,True
2016,H5414,029,FL,Unidentified_MA_Region,HMO,D,1,False
2016,H5414,029,FL,SOUTHEAST,HMO,D,1273,True
2016,H5414,030,FL,Unidentified_MA_Region,HMO,D,12,False
2016,H5414,030,NJ,NORTHEAST,HMO,D,3,False
2016,H5414,030,GA,Unidentified_MA_Region,HMO,D,1,False
2016,H5414,030,RI,NORTHEAST,HMO,D,1,False
2016,H5414,030,FL,SOUTHEAST,HMO,D,14876,True
2016,H5414,030,GA,SOUTHEAST,HMO,D,11,False
2016,H5414,030,MA,NORTHEAST,HMO,D,2,False
2016,H5414,030,TX,CENTRAL,HMO,D,2,False
2016,H5414,030,MO,CENTRAL,HMO,D,1,False
2016,H5414,030,SC,SOUTHEAST,HMO,D,2,False
2016,H5414,030,NC,SOUTHEAST,HMO,D,1,False
2016,H5414,030,NV,WEST,HMO,D,1,False
2016,H5414,030,UT,WEST,HMO,D,1,False
2016,H5414,030,WI,CENTRAL,HMO,D,1,False
2016,H5414,030,OH,CENTRAL,HMO,D,2,False
2016,H5414,030,NH,NORTHEAST,HMO,D,1,False
2016,H5414,030,WA,WEST,HMO,D,3,False
2016,H5414,030,PA,NORTHEAST,HMO,D,5,False
2016,H5414,030,IL,CENTRAL,HMO,D,3,False
2016,H5414,034,AL,SOUTHEAST,HMO,D,3,False
2016,H5414,034,WV,NORTHEAST,HMO,D,2,False
2016,H5414,034,MA,NORTHEAST,HMO,D,3,False
2016,H5414,034,MO,CENTRAL,HMO,D,3,False
2016,H5414,034,GA,SOUTHEAST,HMO,D,4,False
2016,H5414,034,FL,SOUTHEAST,HMO,D,8396,True
2016,H5414,034,SC,SOUTHEAST,HMO,D,1,False
2016,H5414,034,TX,CENTRAL,HMO,D,3,False
2016,H5414,034,ME,NORTHEAST,HMO,D,1,False
2016,H5414,034,FL,Unidentified_MA_Region,HMO,D,22,False
2016,H5414,034,NH,NORTHEAST,HMO,D,1,False
2016,H5414,034,PA,NORTHEAST,HMO,D,6,False
2016,H5414,034,NJ,NORTHEAST,HMO,D,3,False
2016,H5414,034,WI,CENTRAL,HMO,D,1,False
2016,H5414,034,NY,NORTHEAST,HMO,D,2,False
2016,H5414,034,IL,CENTRAL,HMO,D,3,False
2016,H5414,034,OH,CENTRAL,HMO,D,2,False
2016,H5414,034,NC,SOUTHEAST,HMO,D,2,False
2017,H1609,015,FL,SOUTHEAST,HMO,D,1116,True
2017,H1609,017,MO,CENTRAL,DSNP,D,1,False
2017,H1609,017,FL,Unidentified_MA_Region,DSNP,D,10,False
2017,H1609,017,GA,SOUTHEAST,DSNP,D,4,False
2017,H1609,017,PA,NORTHEAST,DSNP,D,4,False
2017,H1609,017,OH,CENTRAL,DSNP,D,1,False
2017,H1609,017,IL,CENTRAL,DSNP,D,1,False
2017,H1609,017,FL,SOUTHEAST,DSNP,D,16711,True
2017,H1609,019,MO,CENTRAL,DSNP,D,1,False
2017,H1609,019,FL,Unidentified_MA_Region,DSNP,D,14,False
2017,H1609,019,PA,NORTHEAST,DSNP,D,7,False
2017,H1609,019,GA,SOUTHEAST,DSNP,D,1,False
2017,H1609,019,OH,CENTRAL,DSNP,D,1,False
2017,H1609,019,WV,NORTHEAST,DSNP,D,3,False
2017,H1609,019,FL,SOUTHEAST,DSNP,D,7921,True
2017,H1609,019,IL,CENTRAL,DSNP,D,2,False
2017,H1609,023,FL,SOUTHEAST,DSNP,D,416,True
2017,H3959,035,PA,NORTHEAST,DSNP,D,348,True
2017,H3959,035,PA,Unidentified_MA_Region,DSNP,D,1,False
2017,H3959,036,PA,NORTHEAST,DSNP,D,344,True
2018,H1609,015,FL,SOUTHEAST,HMO,D,156,True
2018,H1609,017,GA,SOUTHEAST,DSNP,D,1,False
2018,H1609,017,FL,SOUTHEAST,DSNP,D,5493,True
2018,H1609,019,FL,SOUTHEAST,DSNP,D,1659,True
2018,H1609,019,FL,Unidentified_MA_Region,DSNP,D,2,False
2018,H1609,023,FL,Unidentified_MA_Region,DSNP,D,2,False
2018,H1609,023,FL,SOUTHEAST,DSNP,D,709,True
2018,H1610,001,VA,NORTHEAST,DSNP(FIDE),F,1000,True
2018,H1610,001,VA,NORTHEAST,DSNP(FIDE),D,681,False
2018,H1610,001,VA,Unidentified_MA_Region,DSNP(FIDE),D,33,False
2018,H1610,001,VA,Unidentified_MA_Region,DSNP(FIDE),F,28,False
2018,H1610,002,VA,NORTHEAST,DSNP(FIDE),F,1,True
2018,H1610,003,VA,NORTHEAST,DSNP,D,6,True
2018,H3959,035,PA,Unidentified_MA_Region,DSNP,D,1,False
2018,H3959,035,PA,NORTHEAST,DSNP,D,344,True
2018,H3959,035,FL,SOUTHEAST,DSNP,D,1,False
2018,H3959,036,PA,NORTHEAST,DSNP,D,253,True
2018,H3959,036,WV,NORTHEAST,DSNP,D,1,False
2019,H1609,015,FL,SOUTHEAST,HMO,D,95,True
2019,H1609,017,FL,SOUTHEAST,DSNP,D,3826,True
2019,H1609,019,FL,SOUTHEAST,DSNP,D,1297,True
2019,H1609,019,LA,SOUTHEAST,DSNP,D,1,False
2019,H1609,023,FL,SOUTHEAST,DSNP,D,471,True
2019,H1609,039,FL,SOUTHEAST,DSNP,D,266,True
2019,H1609,040,FL,SOUTHEAST,DSNP,D,96,True
2019,H1610,001,VA,NORTHEAST,DSNP(FIDE),D,585,False
2019,H1610,001,VA,NORTHEAST,DSNP(FIDE),F,1195,True
2019,H1610,001,VA,Unidentified_MA_Region,DSNP(FIDE),D,17,False
2019,H1610,001,VA,Unidentified_MA_Region,DSNP(FIDE),F,15,False
2019,H1610,003,VA,NORTHEAST,DSNP,D,6,True
2019,H3239,001,LA,SOUTHEAST,DSNP,D,891,True
2019,H3959,035,PA,Unidentified_MA_Region,DSNP,D,1,False
2019,H3959,035,PA,NORTHEAST,DSNP,D,709,True
2019,H3959,036,FL,SOUTHEAST,DSNP,D,1,False
2019,H3959,036,PA,NORTHEAST,DSNP,D,907,True
2019,H3959,036,GA,SOUTHEAST,DSNP,D,1,False
2019,H5302,012,GA,SOUTHEAST,DSNP,D,329,True
2019,H5325,001,KS,CENTRAL,DSNP,D,38,True
2019,H5325,002,KS,CENTRAL,DSNP,D,181,True
2019,H5325,003,MO,CENTRAL,DSNP,D,106,True
2019,H5325,004,MO,CENTRAL,DSNP,D,29,True
2019,H5325,005,MO,CENTRAL,DSNP,D,369,True
2020,H1609,017,AL,SOUTHEAST,DSNP,D,2,False
2020,H1609,017,NY,NORTHEAST,DSNP,D,19,False
2020,H1609,017,WV,NORTHEAST,DSNP,D,1,False
2020,H1609,017,CA,WEST,DSNP,D,6,False
2020,H1609,017,GA,SOUTHEAST,DSNP,D,34,False
2020,H1609,017,KY,CENTRAL,DSNP,D,4,False
2020,H1609,017,LA,SOUTHEAST,DSNP,D,4,False
2020,H1609,017,MO,CENTRAL,DSNP,D,1,False
2020,H1609,017,FL,SOUTHEAST,DSNP,D,13760,True
2020,H1609,017,SC,SOUTHEAST,DSNP,D,10,False
2020,H1609,017,AZ,WEST,DSNP,D,2,False
2020,H1609,017,NJ,NORTHEAST,DSNP,D,6,False
2020,H1609,017,TN,SOUTHEAST,DSNP,D,4,False
2020,H1609,017,DC,NORTHEAST,DSNP,D,1,False
2020,H1609,017,CO,CENTRAL,DSNP,D,2,False
2020,H1609,017,PA,NORTHEAST,DSNP,D,6,False
2020,H1609,017,WA,WEST,DSNP,D,1,False
2020,H1609,017,IA,CENTRAL,DSNP,D,1,False
2020,H1609,017,TX,CENTRAL,DSNP,D,26,False
2020,H1609,017,MN,CENTRAL,DSNP,D,1,False
2020,H1609,017,MA,NORTHEAST,DSNP,D,4,False
2020,H1609,017,VA,NORTHEAST,DSNP,D,6,False
2020,H1609,017,IN,CENTRAL,DSNP,D,5,False
2020,H1609,017,MD,NORTHEAST,DSNP,D,3,False
2020,H1609,017,IL,CENTRAL,DSNP,D,1,False
2020,H1609,017,OH,CENTRAL,DSNP,D,4,False
2020,H1609,017,NM,CENTRAL,DSNP,D,1,False
2020,H1609,017,NC,SOUTHEAST,DSNP,D,23,False
2020,H1609,017,MI,CENTRAL,DSNP,D,1,False
2020,H1609,017,RI,NORTHEAST,DSNP,D,1,False
2020,H1609,017,OR,WEST,DSNP,D,1,False
2020,H1609,019,TN,SOUTHEAST,DSNP,D,3,False
2020,H1609,019,UT,WEST,DSNP,D,2,False
2020,H1609,019,NJ,NORTHEAST,DSNP,D,7,False
2020,H1609,019,MO,CENTRAL,DSNP,D,4,False
2020,H1609,019,PA,NORTHEAST,DSNP,D,5,False
2020,H1609,019,CA,WEST,DSNP,D,3,False
2020,H1609,019,MA,NORTHEAST,DSNP,D,4,False
2020,H1609,019,WA,WEST,DSNP,D,1,False
2020,H1609,019,IN,CENTRAL,DSNP,D,3,False
2020,H1609,019,SC,SOUTHEAST,DSNP,D,4,False
2020,H1609,019,NV,WEST,DSNP,D,1,False
2020,H1609,019,NC,SOUTHEAST,DSNP,D,8,False
2020,H1609,019,TX,CENTRAL,DSNP,D,9,False
2020,H1609,019,LA,SOUTHEAST,DSNP,D,1,False
2020,H1609,019,FL,SOUTHEAST,DSNP,D,5114,True
2020,H1609,019,CO,CENTRAL,DSNP,D,1,False
2020,H1609,019,AR,SOUTHEAST,DSNP,D,1,False
2020,H1609,019,AZ,WEST,DSNP,D,2,False
2020,H1609,019,IL,CENTRAL,DSNP,D,3,False
2020,H1609,019,NE,CENTRAL,DSNP,D,1,False
2020,H1609,019,DE,NORTHEAST,DSNP,D,2,False
2020,H1609,019,NY,NORTHEAST,DSNP,D,6,False
2020,H1609,019,GA,SOUTHEAST,DSNP,D,13,False
2020,H1609,019,PR,PUERTORICO,DSNP,D,2,False
2020,H1609,019,ME,NORTHEAST,DSNP,D,3,False
2020,H1609,019,VA,NORTHEAST,DSNP,D,1,False
2020,H1609,019,SD,CENTRAL,DSNP,D,1,False
2020,H1609,019,MS,SOUTHEAST,DSNP,D,1,False
2020,H1609,019,MI,CENTRAL,DSNP,D,3,False
2020,H1609,019,AL,SOUTHEAST,DSNP,D,3,False
2020,H1609,019,CT,NORTHEAST,DSNP,D,4,False
2020,H1609,019,OH,CENTRAL,DSNP,D,3,False
2020,H1609,019,MN,CENTRAL,DSNP,D,1,False
2020,H1609,023,IA,CENTRAL,DSNP,D,1,False
2020,H1609,023,IN,CENTRAL,DSNP,D,1,False
2020,H1609,023,TN,SOUTHEAST,DSNP,D,1,False
2020,H1609,023,IL,CENTRAL,DSNP,D,1,False
2020,H1609,023,NJ,NORTHEAST,DSNP,D,1,False
2020,H1609,023,FL,SOUTHEAST,DSNP,D,551,True
2020,H1609,023,SC,SOUTHEAST,DSNP,D,1,False
2020,H1609,023,NC,SOUTHEAST,DSNP,D,1,False
2020,H1609,023,NY,NORTHEAST,DSNP,D,2,False
2020,H1609,023,DE,NORTHEAST,DSNP,D,1,False
2020,H1609,039,FL,SOUTHEAST,DSNP,D,366,True
2020,H1609,039,GA,SOUTHEAST,DSNP,D,1,False
2020,H1609,039,CA,WEST,DSNP,D,1,False
2020,H1609,039,TN,SOUTHEAST,DSNP,D,1,False
2020,H1609,039,NC,SOUTHEAST,DSNP,D,1,False
2020,H1609,039,VA,NORTHEAST,DSNP,D,2,False
2020,H1609,039,TX,CENTRAL,DSNP,D,1,False
2020,H1609,039,MI,CENTRAL,DSNP,D,2,False
2020,H1609,040,ME,NORTHEAST,DSNP,D,1,False
2020,H1609,040,RI,NORTHEAST,DSNP,D,1,False
2020,H1609,040,AL,SOUTHEAST,DSNP,D,1,False
2020,H1609,040,GA,SOUTHEAST,DSNP,D,1,False
2020,H1609,040,IN,CENTRAL,DSNP,D,1,False
2020,H1609,040,MI,CENTRAL,DSNP,D,1,False
2020,H1609,040,TX,CENTRAL,DSNP,D,1,False
2020,H1609,040,NY,NORTHEAST,DSNP,D,1,False
2020,H1609,040,TN,SOUTHEAST,DSNP,D,1,False
2020,H1609,040,NH,NORTHEAST,DSNP,D,1,False
2020,H1609,040,FL,SOUTHEAST,DSNP,D,211,True
2020,H1609,043,PA,NORTHEAST,DSNP,D,2,False
2020,H1609,043,DC,NORTHEAST,DSNP,D,1,False
2020,H1609,043,IN,CENTRAL,DSNP,D,2,False
2020,H1609,043,CA,WEST,DSNP,D,5,False
2020,H1609,043,MI,CENTRAL,DSNP,D,2,False
2020,H1609,043,NC,SOUTHEAST,DSNP,D,1,False
2020,H1609,043,FL,SOUTHEAST,DSNP,D,3490,True
2020,H1609,043,VA,NORTHEAST,DSNP,D,2,False
2020,H1609,043,TN,SOUTHEAST,DSNP,D,1,False
2020,H1609,043,AZ,WEST,DSNP,D,2,False
2020,H1609,043,IA,CENTRAL,DSNP,D,1,False
2020,H1609,043,AL,SOUTHEAST,DSNP,D,1,False
2020,H1609,043,TX,CENTRAL,DSNP,D,5,False
2020,H1609,043,CT,NORTHEAST,DSNP,D,2,False
2020,H1609,043,GA,SOUTHEAST,DSNP,D,11,False
2020,H1609,043,NY,NORTHEAST,DSNP,D,3,False
2020,H1609,043,NJ,NORTHEAST,DSNP,D,1,False
2020,H1609,044,IL,CENTRAL,DSNP,D,1,False
2020,H1609,044,CT,NORTHEAST,DSNP,D,1,False
2020,H1609,044,GA,SOUTHEAST,DSNP,D,2,False
2020,H1609,044,FL,SOUTHEAST,DSNP,D,505,True
2020,H1609,044,MA,NORTHEAST,DSNP,D,1,False
2020,H1609,044,TX,CENTRAL,DSNP,D,1,False
2020,H1609,044,NC,SOUTHEAST,DSNP,D,2,False
2020,H1609,045,FL,SOUTHEAST,DSNP,D,87,True
2020,H1609,046,FL,SOUTHEAST,DSNP,D,99,True
2020,H1609,047,NJ,NORTHEAST,DSNP,D,1,False
2020,H1609,047,WV,NORTHEAST,DSNP,D,1,False
2020,H1609,047,GA,SOUTHEAST,DSNP,D,1,False
2020,H1609,047,IL,CENTRAL,DSNP,D,1,False
2020,H1609,047,FL,SOUTHEAST,DSNP,D,38,True
2020,H1609,048,NY,NORTHEAST,DSNP,D,1,False
2020,H1609,048,TX,CENTRAL,DSNP,D,1,False
2020,H1609,048,NC,SOUTHEAST,DSNP,D,1,False
2020,H1609,048,PA,NORTHEAST,DSNP,D,1,False
2020,H1609,048,VA,NORTHEAST,DSNP,D,1,False
2020,H1609,048,NH,NORTHEAST,DSNP,D,1,False
2020,H1609,048,NV,WEST,DSNP,D,1,False
2020,H1609,048,MI,CENTRAL,DSNP,D,1,False
2020,H1609,048,FL,SOUTHEAST,DSNP,D,557,True
2020,H1609,048,GA,SOUTHEAST,DSNP,D,1,False
2020,H1609,048,SC,SOUTHEAST,DSNP,D,1,False
2020,H1609,049,FL,SOUTHEAST,DSNP,D,34,True
2020,H1609,050,FL,SOUTHEAST,HMO,D,21,True
2020,H1609,051,FL,SOUTHEAST,HMO,D,22,True
2020,H1609,051,NY,NORTHEAST,HMO,D,1,False
2020,H1609,051,MD,NORTHEAST,HMO,D,1,False
2020,H1610,001,VA,NORTHEAST,DSNP(FIDE),F,2076,True
2020,H1610,001,VA,Unidentified_MA_Region,DSNP(FIDE),F,41,False
2020,H1610,001,VA,Unidentified_MA_Region,DSNP(FIDE),D,13,False
2020,H1610,001,VA,NORTHEAST,DSNP(FIDE),D,710,False
2020,H1610,003,VA,NORTHEAST,DSNP,D,11,True
2020,H1692,005,VA,NORTHEAST,DSNP,D,1,False
2020,H1692,005,SC,SOUTHEAST,DSNP,D,2,False
2020,H1692,005,FL,SOUTHEAST,DSNP,D,8,False
2020,H1692,005,OH,CENTRAL,DSNP,D,15,False
2020,H1692,005,PA,NORTHEAST,DSNP,D,3,False
2020,H1692,005,GA,SOUTHEAST,DSNP,D,3,False
2020,H1692,005,KY,CENTRAL,DSNP,D,4,False
2020,H1692,005,NC,SOUTHEAST,DSNP,D,3,False
2020,H1692,005,TX,CENTRAL,DSNP,D,1,False
2020,H1692,005,MI,CENTRAL,DSNP,D,2,False
2020,H1692,005,WV,NORTHEAST,DSNP,D,2302,True
2020,H1692,005,KS,CENTRAL,DSNP,D,1,False
2020,H3146,002,WV,NORTHEAST,DSNP,D,1,False
2020,H3146,002,GA,SOUTHEAST,DSNP,D,2,False
2020,H3146,002,MA,NORTHEAST,DSNP,D,1,False
2020,H3146,002,NC,SOUTHEAST,DSNP,D,447,True
2020,H3146,002,OK,CENTRAL,DSNP,D,1,False
2020,H3146,002,WA,WEST,DSNP,D,1,False
2020,H3146,003,CT,NORTHEAST,DSNP,D,1,False
2020,H3146,003,TN,SOUTHEAST,DSNP,D,1,False
2020,H3146,003,MI,CENTRAL,DSNP,D,1,False
2020,H3146,003,NC,SOUTHEAST,DSNP,D,338,True
2020,H3146,003,MD,NORTHEAST,DSNP,D,1,False
2020,H3239,001,LA,SOUTHEAST,DSNP,D,1701,True
2020,H3239,001,AL,SOUTHEAST,DSNP,D,1,False
2020,H3239,001,IL,CENTRAL,DSNP,D,1,False
2020,H3239,001,CO,CENTRAL,DSNP,D,1,False
2020,H3239,001,GA,SOUTHEAST,DSNP,D,2,False
2020,H3239,001,MO,CENTRAL,DSNP,D,2,False
2020,H3239,001,MS,SOUTHEAST,DSNP,D,2,False
2020,H3239,001,OK,CENTRAL,DSNP,D,2,False
2020,H3239,001,CA,WEST,DSNP,D,3,False
2020,H3239,001,AR,SOUTHEAST,DSNP,D,1,False
2020,H3239,001,FL,SOUTHEAST,DSNP,D,1,False
2020,H3239,001,TX,CENTRAL,DSNP,D,8,False
2020,H3239,001,WI,CENTRAL,DSNP,D,1,False
2020,H3239,002,AL,SOUTHEAST,DSNP,D,308,True
2020,H3239,002,TN,SOUTHEAST,DSNP,D,1,False
2020,H3239,002,GA,SOUTHEAST,DSNP,D,1,False
2020,H3239,002,OH,CENTRAL,DSNP,D,2,False
2020,H3239,002,MI,CENTRAL,DSNP,D,2,False
2020,H3239,002,IL,CENTRAL,DSNP,D,1,False
2020,H3239,003,IL,CENTRAL,DSNP,D,1,False
2020,H3239,003,AL,SOUTHEAST,DSNP,D,160,True
2020,H3239,003,TX,CENTRAL,DSNP,D,1,False
2020,H3239,003,GA,SOUTHEAST,DSNP,D,2,False
2020,H3959,035,NJ,NORTHEAST,DSNP,D,5,False
2020,H3959,035,IA,CENTRAL,DSNP,D,1,False
2020,H3959,035,NV,WEST,DSNP,D,1,False
2020,H3959,035,TX,CENTRAL,DSNP,D,3,False
2020,H3959,035,KY,CENTRAL,DSNP,D,1,False
2020,H3959,035,SC,SOUTHEAST,DSNP,D,2,False
2020,H3959,035,FL,SOUTHEAST,DSNP,D,10,False
2020,H3959,035,VA,NORTHEAST,DSNP,D,4,False
2020,H3959,035,GA,SOUTHEAST,DSNP,D,3,False
2020,H3959,035,MA,NORTHEAST,DSNP,D,1,False
2020,H3959,035,MD,NORTHEAST,DSNP,D,2,False
2020,H3959,035,NC,SOUTHEAST,DSNP,D,6,False
2020,H3959,035,IL,CENTRAL,DSNP,D,1,False
2020,H3959,035,NY,NORTHEAST,DSNP,D,3,False
2020,H3959,035,CT,NORTHEAST,DSNP,D,2,False
2020,H3959,035,PA,NORTHEAST,DSNP,D,2682,True
2020,H3959,035,DE,NORTHEAST,DSNP,D,15,False
2020,H3959,035,OH,CENTRAL,DSNP,D,3,False
2020,H3959,036,IN,CENTRAL,DSNP,D,2,False
2020,H3959,036,SC,SOUTHEAST,DSNP,D,3,False
2020,H3959,036,CA,WEST,DSNP,D,1,False
2020,H3959,036,KY,CENTRAL,DSNP,D,3,False
2020,H3959,036,LA,SOUTHEAST,DSNP,D,1,False
2020,H3959,036,TX,CENTRAL,DSNP,D,7,False
2020,H3959,036,MD,NORTHEAST,DSNP,D,1,False
2020,H3959,036,GA,SOUTHEAST,DSNP,D,1,False
2020,H3959,036,VA,NORTHEAST,DSNP,D,6,False
2020,H3959,036,MA,NORTHEAST,DSNP,D,1,False
2020,H3959,036,AL,SOUTHEAST,DSNP,D,1,False
2020,H3959,036,NC,SOUTHEAST,DSNP,D,6,False
2020,H3959,036,NV,WEST,DSNP,D,3,False
2020,H3959,036,IL,CENTRAL,DSNP,D,2,False
2020,H3959,036,HI,WEST,DSNP,D,1,False
2020,H3959,036,MI,CENTRAL,DSNP,D,2,False
2020,H3959,036,RI,NORTHEAST,DSNP,D,1,False
2020,H3959,036,PA,NORTHEAST,DSNP,D,4831,True
2020,H3959,036,MN,CENTRAL,DSNP,D,2,False
2020,H3959,036,NY,NORTHEAST,DSNP,D,2,False
2020,H3959,036,WV,NORTHEAST,DSNP,D,4,False
2020,H3959,036,TN,SOUTHEAST,DSNP,D,1,False
2020,H3959,036,OH,CENTRAL,DSNP,D,8,False
2020,H3959,036,FL,SOUTHEAST,DSNP,D,12,False
2020,H3959,036,MS,SOUTHEAST,DSNP,D,1,False
2020,H5302,012,GA,SOUTHEAST,DSNP,D,861,True
2020,H5302,012,FL,SOUTHEAST,DSNP,D,5,False
2020,H5302,012,AL,SOUTHEAST,DSNP,D,1,False
2020,H5302,012,MO,CENTRAL,DSNP,D,1,False
2020,H5302,012,MD,NORTHEAST,DSNP,D,3,False
2020,H5302,012,CA,WEST,DSNP,D,3,False
2020,H5302,012,TN,SOUTHEAST,DSNP,D,1,False
2020,H5302,012,WV,NORTHEAST,DSNP,D,1,False
2020,H5302,012,TX,CENTRAL,DSNP,D,2,False
2020,H5302,012,IL,CENTRAL,DSNP,D,1,False
2020,H5302,012,MS,SOUTHEAST,DSNP,D,1,False
2020,H5302,012,MI,CENTRAL,DSNP,D,1,False
2020,H5302,013,TN,SOUTHEAST,DSNP,D,1,False
2020,H5302,013,AL,SOUTHEAST,DSNP,D,1,False
2020,H5302,013,GA,SOUTHEAST,DSNP,D,86,True
2020,H5302,013,IL,CENTRAL,DSNP,D,1,False
2020,H5325,001,MI,CENTRAL,DSNP,D,2,False
2020,H5325,001,WV,NORTHEAST,DSNP,D,1,False
2020,H5325,001,TX,CENTRAL,DSNP,D,3,False
2020,H5325,001,NV,WEST,DSNP,D,1,False
2020,H5325,001,IN,CENTRAL,DSNP,D,1,False
2020,H5325,001,ND,CENTRAL,DSNP,D,1,False
2020,H5325,001,KS,CENTRAL,DSNP,D,1440,True
2020,H5325,001,CO,CENTRAL,DSNP,D,3,False
2020,H5325,001,MO,CENTRAL,DSNP,D,28,False
2020,H5325,001,OK,CENTRAL,DSNP,D,2,False
2020,H5325,001,IA,CENTRAL,DSNP,D,1,False
2020,H5325,001,GA,SOUTHEAST,DSNP,D,1,False
2020,H5325,001,NC,SOUTHEAST,DSNP,D,1,False
2020,H5325,001,PA,NORTHEAST,DSNP,D,1,False
2020,H5325,001,AZ,WEST,DSNP,D,1,False
2020,H5325,002,AL,SOUTHEAST,DSNP,D,3,False
2020,H5325,002,MI,CENTRAL,DSNP,D,1,False
2020,H5325,002,IA,CENTRAL,DSNP,D,2,False
2020,H5325,002,KS,CENTRAL,DSNP,D,1054,True
2020,H5325,002,NC,SOUTHEAST,DSNP,D,1,False
2020,H5325,002,OK,CENTRAL,DSNP,D,7,False
2020,H5325,002,TX,CENTRAL,DSNP,D,5,False
2020,H5325,002,CA,WEST,DSNP,D,1,False
2020,H5325,002,CO,CENTRAL,DSNP,D,1,False
2020,H5325,002,AR,SOUTHEAST,DSNP,D,4,False
2020,H5325,002,MO,CENTRAL,DSNP,D,2,False
2020,H5325,002,FL,SOUTHEAST,DSNP,D,2,False
2020,H5325,002,NJ,NORTHEAST,DSNP,D,1,False
2020,H5325,002,OR,WEST,DSNP,D,2,False
2020,H5325,003,KS,CENTRAL,DSNP,D,15,False
2020,H5325,003,MO,CENTRAL,DSNP,D,851,True
2020,H5325,003,NM,CENTRAL,DSNP,D,2,False
2020,H5325,003,AZ,WEST,DSNP,D,2,False
2020,H5325,003,FL,SOUTHEAST,DSNP,D,2,False
2020,H5325,003,NY,NORTHEAST,DSNP,D,1,False
2020,H5325,003,TX,CENTRAL,DSNP,D,1,False
2020,H5325,003,LA,SOUTHEAST,DSNP,D,2,False
2020,H5325,003,NJ,NORTHEAST,DSNP,D,1,False
2020,H5325,003,PA,NORTHEAST,DSNP,D,1,False
2020,H5325,004,KS,CENTRAL,DSNP,D,1,False
2020,H5325,004,ID,WEST,DSNP,D,1,False
2020,H5325,004,MO,CENTRAL,DSNP,D,392,True
2020,H5325,004,WA,WEST,DSNP,D,1,False
2020,H5325,004,OK,CENTRAL,DSNP,D,2,False
2020,H5325,004,IL,CENTRAL,DSNP,D,1,False
2020,H5325,004,CO,CENTRAL,DSNP,D,1,False
2020,H5325,005,AR,SOUTHEAST,DSNP,D,1,False
2020,H5325,005,MN,CENTRAL,DSNP,D,1,False
2020,H5325,005,IN,CENTRAL,DSNP,D,1,False
2020,H5325,005,FL,SOUTHEAST,DSNP,D,1,False
2020,H5325,005,GA,SOUTHEAST,DSNP,D,2,False
2020,H5325,005,OH,CENTRAL,DSNP,D,3,False
2020,H5325,005,MD,NORTHEAST,DSNP,D,1,False
2020,H5325,005,CA,WEST,DSNP,D,2,False
2020,H5325,005,MO,CENTRAL,DSNP,D,1033,True
2020,H5325,005,IL,CENTRAL,DSNP,D,3,False
2020,H5325,005,NJ,NORTHEAST,DSNP,D,1,False
2020,H5325,005,AZ,WEST,DSNP,D,2,False
2020,H5337,001,NV,WEST,DSNP,D,1,False
2020,H5337,001,SC,SOUTHEAST,DSNP,D,1,False
2020,H5337,001,PA,NORTHEAST,DSNP,D,3,False
2020,H5337,001,UT,WEST,DSNP,D,1,False
2020,H5337,001,FL,SOUTHEAST,DSNP,D,3,False
2020,H5337,001,AZ,WEST,DSNP,D,1,False
2020,H5337,001,NC,SOUTHEAST,DSNP,D,1,False
2020,H5337,001,AL,SOUTHEAST,DSNP,D,2,False
2020,H5337,001,MN,CENTRAL,DSNP,D,1,False
2020,H5337,001,GA,SOUTHEAST,DSNP,D,2,False
2020,H5337,001,NJ,NORTHEAST,DSNP,D,1,False
2020,H5337,001,MI,CENTRAL,DSNP,D,1,False
2020,H5337,001,CA,WEST,DSNP,D,1,False
2020,H5337,001,OH,CENTRAL,DSNP,D,2609,True
2020,H5337,001,WV,NORTHEAST,DSNP,D,4,False
2020,H5337,001,TN,SOUTHEAST,DSNP,D,1,False
2020,H5593,001,IA,CENTRAL,DSNP,D,2208,True
2020,H5593,001,SD,CENTRAL,DSNP,D,2,False
2020,H5593,001,IL,CENTRAL,DSNP,D,5,False
2020,H5593,001,TX,CENTRAL,DSNP,D,2,False
2020,H5593,001,NV,WEST,DSNP,D,2,False
2020,H5593,001,IN,CENTRAL,DSNP,D,1,False
2020,H5593,001,NJ,NORTHEAST,DSNP,D,1,False
2020,H5593,001,AL,SOUTHEAST,DSNP,D,1,False
2020,H5593,001,AZ,WEST,DSNP,D,2,False
2020,H5593,001,KY,CENTRAL,DSNP,D,1,False
2020,H5593,001,MN,CENTRAL,DSNP,D,2,False
2020,H5593,001,GA,SOUTHEAST,DSNP,D,1,False
2020,H5593,001,CA,WEST,DSNP,D,1,False
2020,H5593,001,OR,WEST,DSNP,D,1,False
2020,H5593,001,OK,CENTRAL,DSNP,D,1,False
2020,H5593,001,OH,CENTRAL,DSNP,D,2,False
2020,H5593,001,NE,CENTRAL,DSNP,D,11,False
2020,H5593,001,TN,SOUTHEAST,DSNP,D,1,False
2020,H5593,001,MO,CENTRAL,DSNP,D,3,False
2020,H5593,001,FL,SOUTHEAST,DSNP,D,3,False
2020,H7149,006,TX,CENTRAL,DSNP,D,2,False
2020,H7149,006,NE,CENTRAL,DSNP,D,392,True
2020,H7149,006,IA,CENTRAL,DSNP,D,3,False
2020,H7149,006,AR,SOUTHEAST,DSNP,D,1,False
2020,H7149,006,MO,CENTRAL,DSNP,D,1,False
2020,H8597,001,NC,SOUTHEAST,DSNP,D,1,False
2020,H8597,001,VA,NORTHEAST,DSNP,D,1,False
2020,H8597,001,LA,SOUTHEAST,DSNP,D,3,False
2020,H8597,001,CA,WEST,DSNP,D,3,False
2020,H8597,001,PA,NORTHEAST,DSNP,D,1,False
2020,H8597,001,WA,WEST,DSNP,D,2,False
2020,H8597,001,UT,WEST,DSNP,D,1,False
2020,H8597,001,TX,CENTRAL,DSNP,D,2797,True
2020,H8597,001,MS,SOUTHEAST,DSNP,D,1,False
2020,H8597,001,IL,CENTRAL,DSNP,D,1,False
2020,H8597,001,IA,CENTRAL,DSNP,D,1,False
2020,H8597,001,NJ,NORTHEAST,DSNP,D,1,False
2020,H8597,001,OK,CENTRAL,DSNP,D,3,False
2020,H8597,001,ME,NORTHEAST,DSNP,D,1,False
2020,H8597,002,MS,SOUTHEAST,DSNP,D,1,False
2020,H8597,002,TX,CENTRAL,DSNP,D,903,True
2020,H8597,002,IL,CENTRAL,DSNP,D,1,False
2020,H8597,002,UT,WEST,DSNP,D,1,False
2020,H8597,002,AR,SOUTHEAST,DSNP,D,1,False
2020,H8597,002,MO,CENTRAL,DSNP,D,1,False
2020,H8597,002,FL,SOUTHEAST,DSNP,D,1,False
2020,H8597,002,MI,CENTRAL,DSNP,D,1,False
2020,H8597,002,MA,NORTHEAST,DSNP,D,1,False
2020,H8597,003,GA,SOUTHEAST,DSNP,D,1,False
2020,H8597,003,NY,NORTHEAST,DSNP,D,1,False
2020,H8597,003,PA,NORTHEAST,DSNP,D,1,False
2020,H8597,003,MS,SOUTHEAST,DSNP,D,1,False
2020,H8597,003,LA,SOUTHEAST,DSNP,D,3,False
2020,H8597,003,TX,CENTRAL,DSNP,D,1128,True
2020,H8597,003,NC,SOUTHEAST,DSNP,D,2,False
2020,H8597,003,FL,SOUTHEAST,DSNP,D,3,False
2020,H8597,003,MO,CENTRAL,DSNP,D,1,False
2021,H0628,012,KY,CENTRAL,DSNP,D,1068,True
2021,H0628,012,TN,SOUTHEAST,DSNP,D,1,False
2021,H0628,012,TX,CENTRAL,DSNP,D,3,False
2021,H0628,012,LA,SOUTHEAST,DSNP,D,1,False
2021,H0628,012,GA,SOUTHEAST,DSNP,D,2,False
2021,H0628,012,NY,NORTHEAST,DSNP,D,1,False
2021,H0628,012,CO,CENTRAL,DSNP,D,1,False
2021,H0628,012,IN,CENTRAL,DSNP,D,1,False
2021,H0628,012,FL,SOUTHEAST,DSNP,D,2,False
2021,H0628,012,IA,CENTRAL,DSNP,D,1,False
2021,H0628,012,OH,CENTRAL,DSNP,D,2,False
2021,H0628,012,WV,NORTHEAST,DSNP,D,1,False
2021,H0628,013,CA,WEST,DSNP,D,1,False
2021,H0628,013,NE,CENTRAL,DSNP,D,1,False
2021,H0628,013,OH,CENTRAL,DSNP,D,3685,True
2021,H0628,013,AR,SOUTHEAST,DSNP,D,1,False
2021,H0628,013,LA,SOUTHEAST,DSNP,D,1,False
2021,H0628,013,NY,NORTHEAST,DSNP,D,1,False
2021,H0628,013,NV,WEST,DSNP,D,1,False
2021,H0628,013,FL,SOUTHEAST,DSNP,D,4,False
2021,H0628,013,NC,SOUTHEAST,DSNP,D,1,False
2021,H0628,013,MN,CENTRAL,DSNP,D,1,False
2021,H0628,013,MS,SOUTHEAST,DSNP,D,1,False
2021,H0628,013,GA,SOUTHEAST,DSNP,D,5,False
2021,H0628,013,MD,NORTHEAST,DSNP,D,1,False
2021,H0628,013,KY,CENTRAL,DSNP,D,1,False
2021,H0628,013,CO,CENTRAL,DSNP,D,1,False
2021,H0628,013,WV,NORTHEAST,DSNP,D,2,False
2021,H0628,013,WA,WEST,DSNP,D,1,False
2021,H0628,013,PA,NORTHEAST,DSNP,D,4,False
2021,H0628,013,UT,WEST,DSNP,D,1,False
2021,H0628,013,AL,SOUTHEAST,DSNP,D,1,False
2021,H0628,013,TN,SOUTHEAST,DSNP,D,2,False
2021,H0628,013,MI,CENTRAL,DSNP,D,3,False
2021,H0628,013,IL,CENTRAL,DSNP,D,1,False
2021,H0628,013,NJ,NORTHEAST,DSNP,D,1,False
2021,H0628,013,AZ,WEST,DSNP,D,1,False
2021,H0628,013,IN,CENTRAL,DSNP,D,1,False
2021,H0628,013,TX,CENTRAL,DSNP,D,2,False
2021,H1609,017,AL,SOUTHEAST,DSNP,D,1,False
2021,H1609,017,NJ,NORTHEAST,DSNP,D,1,False
2021,H1609,017,NV,WEST,DSNP,D,1,False
2021,H1609,017,NC,SOUTHEAST,DSNP,D,1,False
2021,H1609,017,IL,CENTRAL,DSNP,D,1,False
2021,H1609,017,CA,WEST,DSNP,D,1,False
2021,H1609,017,OH,CENTRAL,DSNP,D,1,False
2021,H1609,017,FL,SOUTHEAST,DSNP,D,1820,True
2021,H1609,017,GA,SOUTHEAST,DSNP,D,4,False
2021,H1609,017,VA,NORTHEAST,DSNP,D,1,False
2021,H1609,017,NY,NORTHEAST,DSNP,D,2,False
2021,H1609,017,WA,WEST,DSNP,D,1,False
2021,H1609,017,IN,CENTRAL,DSNP,D,1,False
2021,H1609,017,AR,SOUTHEAST,DSNP,D,1,False
2021,H1609,019,VA,NORTHEAST,DSNP,D,2,False
2021,H1609,019,GA,SOUTHEAST,DSNP,D,2,False
2021,H1609,019,MA,NORTHEAST,DSNP,D,1,False
2021,H1609,019,NC,SOUTHEAST,DSNP,D,1,False
2021,H1609,019,IA,CENTRAL,DSNP,D,1,False
2021,H1609,019,FL,SOUTHEAST,DSNP,D,967,True
2021,H1609,019,CA,WEST,DSNP,D,1,False
2021,H1609,019,AL,SOUTHEAST,DSNP,D,1,False
2021,H1609,019,TN,SOUTHEAST,DSNP,D,3,False
2021,H1609,019,WI,CENTRAL,DSNP,D,1,False
2021,H1609,019,PR,PUERTORICO,DSNP,D,1,False
2021,H1609,019,NY,NORTHEAST,DSNP,D,6,False
2021,H1609,019,PA,NORTHEAST,DSNP,D,2,False
2021,H1609,023,CA,WEST,DSNP,D,1,False
2021,H1609,023,NY,NORTHEAST,DSNP,D,2,False
2021,H1609,023,GA,SOUTHEAST,DSNP,D,2,False
2021,H1609,023,MO,CENTRAL,DSNP,D,1,False
2021,H1609,023,NC,SOUTHEAST,DSNP,D,1,False
2021,H1609,023,FL,SOUTHEAST,DSNP,D,150,True
2021,H1609,039,KY,CENTRAL,DSNP,D,1,False
2021,H1609,039,FL,SOUTHEAST,DSNP,D,224,True
2021,H1609,039,GA,SOUTHEAST,DSNP,D,1,False
2021,H1609,040,NC,SOUTHEAST,DSNP,D,2,False
2021,H1609,040,GA,SOUTHEAST,DSNP,D,1,False
2021,H1609,040,NJ,NORTHEAST,DSNP,D,1,False
2021,H1609,040,FL,SOUTHEAST,DSNP,D,147,True
2021,H1609,040,WA,WEST,DSNP,D,1,False
2021,H1609,040,IL,CENTRAL,DSNP,D,1,False
2021,H1609,043,OH,CENTRAL,DSNP,D,2,False
2021,H1609,043,NC,SOUTHEAST,DSNP,D,7,False
2021,H1609,043,ME,NORTHEAST,DSNP,D,1,False
2021,H1609,043,IN,CENTRAL,DSNP,D,2,False
2021,H1609,043,WV,NORTHEAST,DSNP,D,1,False
2021,H1609,043,NJ,NORTHEAST,DSNP,D,2,False
2021,H1609,043,SC,SOUTHEAST,DSNP,D,2,False
2021,H1609,043,FL,SOUTHEAST,DSNP,D,8322,True
2021,H1609,043,MI,CENTRAL,DSNP,D,1,False
2021,H1609,043,MD,NORTHEAST,DSNP,D,6,False
2021,H1609,043,GA,SOUTHEAST,DSNP,D,24,False
2021,H1609,043,IL,CENTRAL,DSNP,D,1,False
2021,H1609,043,VA,NORTHEAST,DSNP,D,1,False
2021,H1609,043,OR,WEST,DSNP,D,1,False
2021,H1609,043,NV,WEST,DSNP,D,2,False
2021,H1609,043,NY,NORTHEAST,DSNP,D,10,False
2021,H1609,043,AZ,WEST,DSNP,D,2,False
2021,H1609,043,CA,WEST,DSNP,D,5,False
2021,H1609,043,TN,SOUTHEAST,DSNP,D,5,False
2021,H1609,043,AL,SOUTHEAST,DSNP,D,2,False
2021,H1609,043,MA,NORTHEAST,DSNP,D,1,False
2021,H1609,043,MN,CENTRAL,DSNP,D,2,False
2021,H1609,043,NH,NORTHEAST,DSNP,D,1,False
2021,H1609,043,CO,CENTRAL,DSNP,D,1,False
2021,H1609,043,RI,NORTHEAST,DSNP,D,2,False
2021,H1609,043,TX,CENTRAL,DSNP,D,10,False
2021,H1609,043,LA,SOUTHEAST,DSNP,D,4,False
2021,H1609,044,TN,SOUTHEAST,DSNP,D,1,False
2021,H1609,044,OR,WEST,DSNP,D,2,False
2021,H1609,044,UT,WEST,DSNP,D,1,False
2021,H1609,044,MS,SOUTHEAST,DSNP,D,1,False
2021,H1609,044,FL,SOUTHEAST,DSNP,D,1402,True
2021,H1609,044,MI,CENTRAL,DSNP,D,2,False
2021,H1609,044,NY,NORTHEAST,DSNP,D,2,False
2021,H1609,044,PA,NORTHEAST,DSNP,D,3,False
2021,H1609,044,CA,WEST,DSNP,D,3,False
2021,H1609,044,TX,CENTRAL,DSNP,D,1,False
2021,H1609,044,VA,NORTHEAST,DSNP,D,1,False
2021,H1609,044,AL,SOUTHEAST,DSNP,D,1,False
2021,H1609,044,NC,SOUTHEAST,DSNP,D,1,False
2021,H1609,044,CO,CENTRAL,DSNP,D,1,False
2021,H1609,044,OH,CENTRAL,DSNP,D,4,False
2021,H1609,044,GA,SOUTHEAST,DSNP,D,3,False
2021,H1609,044,IL,CENTRAL,DSNP,D,2,False
2021,H1609,044,MA,NORTHEAST,DSNP,D,2,False
2021,H1609,045,NC,SOUTHEAST,DSNP,D,2,False
2021,H1609,045,WV,NORTHEAST,DSNP,D,1,False
2021,H1609,045,LA,SOUTHEAST,DSNP,D,1,False
2021,H1609,045,NY,NORTHEAST,DSNP,D,4,False
2021,H1609,045,TN,SOUTHEAST,DSNP,D,1,False
2021,H1609,045,TX,CENTRAL,DSNP,D,1,False
2021,H1609,045,CT,NORTHEAST,DSNP,D,3,False
2021,H1609,045,GA,SOUTHEAST,DSNP,D,3,False
2021,H1609,045,AL,SOUTHEAST,DSNP,D,1,False
2021,H1609,045,PR,PUERTORICO,DSNP,D,1,False
2021,H1609,045,SC,SOUTHEAST,DSNP,D,2,False
2021,H1609,045,FL,SOUTHEAST,DSNP,D,627,True
2021,H1609,046,NY,NORTHEAST,DSNP,D,3,False
2021,H1609,046,MN,CENTRAL,DSNP,D,1,False
2021,H1609,046,LA,SOUTHEAST,DSNP,D,1,False
2021,H1609,046,NC,SOUTHEAST,DSNP,D,2,False
2021,H1609,046,FL,SOUTHEAST,DSNP,D,348,True
2021,H1609,046,TX,CENTRAL,DSNP,D,1,False
2021,H1609,046,MO,CENTRAL,DSNP,D,1,False
2021,H1609,046,PA,NORTHEAST,DSNP,D,1,False
2021,H1609,046,MI,CENTRAL,DSNP,D,1,False
2021,H1609,047,IN,CENTRAL,DSNP,D,1,False
2021,H1609,047,CT,NORTHEAST,DSNP,D,1,False
2021,H1609,047,NJ,NORTHEAST,DSNP,D,2,False
2021,H1609,047,OH,CENTRAL,DSNP,D,1,False
2021,H1609,047,FL,SOUTHEAST,DSNP,D,292,True
2021,H1609,047,MI,CENTRAL,DSNP,D,1,False
2021,H1609,047,PA,NORTHEAST,DSNP,D,1,False
2021,H1609,047,IL,CENTRAL,DSNP,D,1,False
2021,H1609,048,NY,NORTHEAST,DSNP,D,2,False
2021,H1609,048,NC,SOUTHEAST,DSNP,D,2,False
2021,H1609,048,MO,CENTRAL,DSNP,D,2,False
2021,H1609,048,WA,WEST,DSNP,D,1,False
2021,H1609,048,OK,CENTRAL,DSNP,D,1,False
2021,H1609,048,IL,CENTRAL,DSNP,D,1,False
2021,H1609,048,FL,SOUTHEAST,DSNP,D,1059,True
2021,H1609,048,LA,SOUTHEAST,DSNP,D,1,False
2021,H1609,048,TX,CENTRAL,DSNP,D,1,False
2021,H1609,048,GA,SOUTHEAST,DSNP,D,3,False
2021,H1609,048,SC,SOUTHEAST,DSNP,D,1,False
2021,H1609,048,AL,SOUTHEAST,DSNP,D,1,False
2021,H1609,048,CA,WEST,DSNP,D,1,False
2021,H1609,049,FL,SOUTHEAST,DSNP,D,171,True
2021,H1609,049,KY,CENTRAL,DSNP,D,1,False
2021,H1610,001,VA,NORTHEAST,DSNP(FIDE),D,1,False
2021,H1610,001,VA,NORTHEAST,DSNP(FIDE),F,2856,True
2021,H1610,001,VA,Unidentified_MA_Region,DSNP(FIDE),F,56,False
2021,H1610,003,VA,NORTHEAST,DSNP,D,9,True
2021,H1692,005,TN,SOUTHEAST,DSNP,D,1,False
2021,H1692,005,OH,CENTRAL,DSNP,D,23,False
2021,H1692,005,NC,SOUTHEAST,DSNP,D,6,False
2021,H1692,005,CA,WEST,DSNP,D,1,False
2021,H1692,005,FL,SOUTHEAST,DSNP,D,5,False
2021,H1692,005,KY,CENTRAL,DSNP,D,4,False
2021,H1692,005,GA,SOUTHEAST,DSNP,D,3,False
2021,H1692,005,AZ,WEST,DSNP,D,1,False
2021,H1692,005,SC,SOUTHEAST,DSNP,D,1,False
2021,H1692,005,NJ,NORTHEAST,DSNP,D,1,False
2021,H1692,005,MI,CENTRAL,DSNP,D,1,False
2021,H1692,005,MD,NORTHEAST,DSNP,D,1,False
2021,H1692,005,WV,NORTHEAST,DSNP,D,3152,True
2021,H1692,005,PA,NORTHEAST,DSNP,D,9,False
2021,H1692,005,VA,NORTHEAST,DSNP,D,1,False
2021,H1692,005,TX,CENTRAL,DSNP,D,1,False
2021,H1692,005,NV,WEST,DSNP,D,1,False
2021,H1692,005,NM,CENTRAL,DSNP,D,1,False
2021,H3146,002,FL,SOUTHEAST,DSNP,D,6,False
2021,H3146,002,IN,CENTRAL,DSNP,D,2,False
2021,H3146,002,NC,SOUTHEAST,DSNP,D,1939,True
2021,H3146,002,VA,NORTHEAST,DSNP,D,3,False
2021,H3146,002,OH,CENTRAL,DSNP,D,1,False
2021,H3146,002,TX,CENTRAL,DSNP,D,3,False
2021,H3146,002,MD,NORTHEAST,DSNP,D,1,False
2021,H3146,002,CT,NORTHEAST,DSNP,D,1,False
2021,H3146,002,SC,SOUTHEAST,DSNP,D,1,False
2021,H3146,002,NJ,NORTHEAST,DSNP,D,1,False
2021,H3146,002,AL,SOUTHEAST,DSNP,D,1,False
2021,H3146,002,NY,NORTHEAST,DSNP,D,3,False
2021,H3146,002,MA,NORTHEAST,DSNP,D,1,False
2021,H3146,002,PA,NORTHEAST,DSNP,D,3,False
2021,H3146,003,MS,SOUTHEAST,DSNP,D,1,False
2021,H3146,003,GA,SOUTHEAST,DSNP,D,2,False
2021,H3146,003,FL,SOUTHEAST,DSNP,D,1,False
2021,H3146,003,WV,NORTHEAST,DSNP,D,1,False
2021,H3146,003,NC,SOUTHEAST,DSNP,D,906,True
2021,H3146,003,SC,SOUTHEAST,DSNP,D,1,False
2021,H3146,003,TX,CENTRAL,DSNP,D,1,False
2021,H3146,003,WI,CENTRAL,DSNP,D,1,False
2021,H3146,003,VA,NORTHEAST,DSNP,D,1,False
2021,H3146,008,SC,SOUTHEAST,DSNP,D,6,False
2021,H3146,008,OH,CENTRAL,DSNP,D,1,False
2021,H3146,008,VA,NORTHEAST,DSNP,D,1,False
2021,H3146,008,NC,SOUTHEAST,DSNP,D,1080,True
2021,H3146,008,FL,SOUTHEAST,DSNP,D,3,False
2021,H3146,008,MA,NORTHEAST,DSNP,D,1,False
2021,H3146,008,NJ,NORTHEAST,DSNP,D,1,False
2021,H3146,008,NY,NORTHEAST,DSNP,D,1,False
2021,H3146,008,LA,SOUTHEAST,DSNP,D,2,False
2021,H3146,008,AZ,WEST,DSNP,D,1,False
2021,H3146,008,PA,NORTHEAST,DSNP,D,1,False
2021,H3146,009,SC,SOUTHEAST,DSNP,D,1,False
2021,H3146,009,NC,SOUTHEAST,DSNP,D,342,True
2021,H3146,009,AZ,WEST,DSNP,D,1,False
2021,H3192,007,CA,WEST,DSNP,D,3,False
2021,H3192,007,NJ,NORTHEAST,DSNP,D,1,False
2021,H3192,007,SC,SOUTHEAST,DSNP,D,1,False
2021,H3192,007,MI,CENTRAL,DSNP,D,2805,True
2021,H3192,007,WA,WEST,DSNP,D,1,False
2021,H3192,007,VA,NORTHEAST,DSNP,D,1,False
2021,H3192,007,GA,SOUTHEAST,DSNP,D,3,False
2021,H3192,007,PA,NORTHEAST,DSNP,D,1,False
2021,H3192,007,TX,CENTRAL,DSNP,D,2,False
2021,H3192,007,TN,SOUTHEAST,DSNP,D,2,False
2021,H3192,007,FL,SOUTHEAST,DSNP,D,7,False
2021,H3192,007,CO,CENTRAL,DSNP,D,1,False
2021,H3192,007,LA,SOUTHEAST,DSNP,D,1,False
2021,H3192,007,AZ,WEST,DSNP,D,1,False
2021,H3192,007,OH,CENTRAL,DSNP,D,5,False
2021,H3192,007,NV,WEST,DSNP,D,1,False
2021,H3192,007,MN,CENTRAL,DSNP,D,1,False
2021,H3239,001,NY,NORTHEAST,DSNP,D,3,False
2021,H3239,001,WA,WEST,DSNP,D,1,False
2021,H3239,001,AR,SOUTHEAST,DSNP,D,2,False
2021,H3239,001,AL,SOUTHEAST,DSNP,D,1,False
2021,H3239,001,IL,CENTRAL,DSNP,D,1,False
2021,H3239,001,MA,NORTHEAST,DSNP,D,1,False
2021,H3239,001,OK,CENTRAL,DSNP,D,1,False
2021,H3239,001,MS,SOUTHEAST,DSNP,D,7,False
2021,H3239,001,GA,SOUTHEAST,DSNP,D,2,False
2021,H3239,001,TX,CENTRAL,DSNP,D,13,False
2021,H3239,001,MO,CENTRAL,DSNP,D,2,False
2021,H3239,001,CA,WEST,DSNP,D,1,False
2021,H3239,001,SC,SOUTHEAST,DSNP,D,1,False
2021,H3239,001,WI,CENTRAL,DSNP,D,1,False
2021,H3239,001,LA,SOUTHEAST,DSNP,D,2602,True
2021,H3239,001,FL,SOUTHEAST,DSNP,D,1,False
2021,H3239,002,VA,NORTHEAST,DSNP,D,2,False
2021,H3239,002,FL,SOUTHEAST,DSNP,D,6,False
2021,H3239,002,TN,SOUTHEAST,DSNP,D,6,False
2021,H3239,002,WV,NORTHEAST,DSNP,D,1,False
2021,H3239,002,TX,CENTRAL,DSNP,D,3,False
2021,H3239,002,NC,SOUTHEAST,DSNP,D,1,False
2021,H3239,002,MI,CENTRAL,DSNP,D,2,False
2021,H3239,002,PA,NORTHEAST,DSNP,D,2,False
2021,H3239,002,LA,SOUTHEAST,DSNP,D,3,False
2021,H3239,002,NY,NORTHEAST,DSNP,D,1,False
2021,H3239,002,GA,SOUTHEAST,DSNP,D,4,False
2021,H3239,002,AZ,WEST,DSNP,D,1,False
2021,H3239,002,MS,SOUTHEAST,DSNP,D,2,False
2021,H3239,002,KY,CENTRAL,DSNP,D,1,False
2021,H3239,002,IN,CENTRAL,DSNP,D,1,False
2021,H3239,002,SC,SOUTHEAST,DSNP,D,3,False
2021,H3239,002,MO,CENTRAL,DSNP,D,1,False
2021,H3239,002,AL,SOUTHEAST,DSNP,D,2673,True
2021,H3239,003,TX,CENTRAL,DSNP,D,2,False
2021,H3239,003,KS,CENTRAL,DSNP,D,1,False
2021,H3239,003,CO,CENTRAL,DSNP,D,2,False
2021,H3239,003,KY,CENTRAL,DSNP,D,1,False
2021,H3239,003,MI,CENTRAL,DSNP,D,1,False
2021,H3239,003,AL,SOUTHEAST,DSNP,D,1322,True
2021,H3239,003,MS,SOUTHEAST,DSNP,D,2,False
2021,H3239,003,GA,SOUTHEAST,DSNP,D,2,False
2021,H3239,003,FL,SOUTHEAST,DSNP,D,2,False
2021,H3239,003,NY,NORTHEAST,DSNP,D,1,False
2021,H3239,005,TX,CENTRAL,DSNP,D,1,False
2021,H3239,005,TN,SOUTHEAST,DSNP,D,5,False
2021,H3239,005,FL,SOUTHEAST,DSNP,D,2,False
2021,H3239,005,AL,SOUTHEAST,DSNP,D,5,False
2021,H3239,005,NV,WEST,DSNP,D,1,False
2021,H3239,005,AR,SOUTHEAST,DSNP,D,4,False
2021,H3239,005,MI,CENTRAL,DSNP,D,1,False
2021,H3239,005,CA,WEST,DSNP,D,1,False
2021,H3239,005,MD,NORTHEAST,DSNP,D,1,False
2021,H3239,005,IL,CENTRAL,DSNP,D,2,False
2021,H3239,005,MS,SOUTHEAST,DSNP,D,1984,True
2021,H3239,006,MS,SOUTHEAST,DSNP,D,1,False
2021,H3239,006,KS,CENTRAL,DSNP,D,1,False
2021,H3239,006,SC,SOUTHEAST,DSNP,D,1,False
2021,H3239,006,GA,SOUTHEAST,DSNP,D,2,False
2021,H3239,006,AL,SOUTHEAST,DSNP,D,2,False
2021,H3239,006,LA,SOUTHEAST,DSNP,D,1022,True
2021,H3239,006,TX,CENTRAL,DSNP,D,6,False
2021,H3239,006,AR,SOUTHEAST,DSNP,D,1,False
2021,H3239,006,MO,CENTRAL,DSNP,D,1,False
2021,H3239,006,OK,CENTRAL,DSNP,D,2,False
2021,H3239,006,IN,CENTRAL,DSNP,D,1,False
2021,H3239,007,LA,SOUTHEAST,DSNP,D,1430,True
2021,H3239,007,AL,SOUTHEAST,DSNP,D,1,False
2021,H3239,007,WA,WEST,DSNP,D,2,False
2021,H3239,007,TX,CENTRAL,DSNP,D,13,False
2021,H3239,007,FL,SOUTHEAST,DSNP,D,2,False
2021,H3239,007,GA,SOUTHEAST,DSNP,D,1,False
2021,H3239,007,IN,CENTRAL,DSNP,D,1,False
2021,H3239,007,NJ,NORTHEAST,DSNP,D,1,False
2021,H3239,007,MN,CENTRAL,DSNP,D,1,False
2021,H3239,007,SC,SOUTHEAST,DSNP,D,1,False
2021,H3239,007,IL,CENTRAL,DSNP,D,1,False
2021,H3239,007,NE,CENTRAL,DSNP,D,1,False
2021,H3239,007,MS,SOUTHEAST,DSNP,D,2,False
2021,H3312,069,CO,CENTRAL,DSNP,D,2,False
2021,H3312,069,FL,SOUTHEAST,DSNP,D,31,False
2021,H3312,069,WV,NORTHEAST,DSNP,D,2,False
2021,H3312,069,SC,SOUTHEAST,DSNP,D,4,False
2021,H3312,069,MD,NORTHEAST,DSNP,D,2,False
2021,H3312,069,PA,NORTHEAST,DSNP,D,10,False
2021,H3312,069,VT,NORTHEAST,DSNP,D,1,False
2021,H3312,069,IL,CENTRAL,DSNP,D,1,False
2021,H3312,069,VA,NORTHEAST,DSNP,D,2,False
2021,H3312,069,NC,SOUTHEAST,DSNP,D,12,False
2021,H3312,069,AZ,WEST,DSNP,D,1,False
2021,H3312,069,CT,NORTHEAST,DSNP,D,10,False
2021,H3312,069,TX,CENTRAL,DSNP,D,1,False
2021,H3312,069,CA,WEST,DSNP,D,1,False
2021,H3312,069,IN,CENTRAL,DSNP,D,2,False
2021,H3312,069,NY,NORTHEAST,DSNP,D,6468,True
2021,H3312,069,OH,CENTRAL,DSNP,D,1,False
2021,H3312,069,TN,SOUTHEAST,DSNP,D,1,False
2021,H3312,069,NJ,NORTHEAST,DSNP,D,16,False
2021,H3312,069,GA,SOUTHEAST,DSNP,D,6,False
2021,H3312,069,MI,CENTRAL,DSNP,D,1,False
2021,H3312,069,MA,NORTHEAST,DSNP,D,1,False
2021,H3312,070,NJ,NORTHEAST,DSNP,D,2,False
2021,H3312,070,OH,CENTRAL,DSNP,D,5,False
2021,H3312,070,VA,NORTHEAST,DSNP,D,3,False
2021,H3312,070,IL,CENTRAL,DSNP,D,1,False
2021,H3312,070,NE,CENTRAL,DSNP,D,1,False
2021,H3312,070,VT,NORTHEAST,DSNP,D,2,False
2021,H3312,070,GA,SOUTHEAST,DSNP,D,5,False
2021,H3312,070,IN,CENTRAL,DSNP,D,2,False
2021,H3312,070,TX,CENTRAL,DSNP,D,2,False
2021,H3312,070,AZ,WEST,DSNP,D,4,False
2021,H3312,070,NC,SOUTHEAST,DSNP,D,14,False
2021,H3312,070,WV,NORTHEAST,DSNP,D,1,False
2021,H3312,070,CO,CENTRAL,DSNP,D,2,False
2021,H3312,070,NV,WEST,DSNP,D,1,False
2021,H3312,070,KS,CENTRAL,DSNP,D,1,False
2021,H3312,070,SC,SOUTHEAST,DSNP,D,2,False
2021,H3312,070,NY,NORTHEAST,DSNP,D,4782,True
2021,H3312,070,AL,SOUTHEAST,DSNP,D,4,False
2021,H3312,070,RI,NORTHEAST,DSNP,D,1,False
2021,H3312,070,FL,SOUTHEAST,DSNP,D,16,False
2021,H3312,070,UT,WEST,DSNP,D,1,False
2021,H3312,070,CT,NORTHEAST,DSNP,D,1,False
2021,H3312,070,PR,PUERTORICO,DSNP,D,1,False
2021,H3312,070,LA,SOUTHEAST,DSNP,D,2,False
2021,H3312,070,OR,WEST,DSNP,D,1,False
2021,H3312,070,MO,CENTRAL,DSNP,D,1,False
2021,H3312,070,PA,NORTHEAST,DSNP,D,9,False
2021,H3312,070,MA,NORTHEAST,DSNP,D,3,False
2021,H3597,011,NC,SOUTHEAST,DSNP,D,3,False
2021,H3597,011,OK,CENTRAL,DSNP,D,1,False
2021,H3597,011,NY,NORTHEAST,DSNP,D,1,False
2021,H3597,011,IL,CENTRAL,DSNP,D,1,False
2021,H3597,011,MA,NORTHEAST,DSNP,D,2,False
2021,H3597,011,ME,NORTHEAST,DSNP,D,1310,True
2021,H3597,011,NH,NORTHEAST,DSNP,D,2,False
2021,H3597,011,CT,NORTHEAST,DSNP,D,2,False
2021,H3597,011,AK,WEST,DSNP,D,1,False
2021,H3597,011,PA,NORTHEAST,DSNP,D,1,False
2021,H3597,011,SC,SOUTHEAST,DSNP,D,1,False
2021,H3597,011,FL,SOUTHEAST,DSNP,D,1,False
2021,H3597,011,VA,NORTHEAST,DSNP,D,2,False
2021,H3959,035,AZ,WEST,DSNP,D,1,False
2021,H3959,035,VA,NORTHEAST,DSNP,D,3,False
2021,H3959,035,NJ,NORTHEAST,DSNP,D,7,False
2021,H3959,035,NC,SOUTHEAST,DSNP,D,3,False
2021,H3959,035,DE,NORTHEAST,DSNP,D,3,False
2021,H3959,035,GA,SOUTHEAST,DSNP,D,1,False
2021,H3959,035,MA,NORTHEAST,DSNP,D,1,False
2021,H3959,035,CO,CENTRAL,DSNP,D,2,False
2021,H3959,035,NV,WEST,DSNP,D,1,False
2021,H3959,035,CA,WEST,DSNP,D,1,False
2021,H3959,035,PA,NORTHEAST,DSNP,D,3327,True
2021,H3959,035,NY,NORTHEAST,DSNP,D,2,False
2021,H3959,035,TX,CENTRAL,DSNP,D,2,False
2021,H3959,035,FL,SOUTHEAST,DSNP,D,11,False
2021,H3959,035,SC,SOUTHEAST,DSNP,D,1,False
2021,H3959,035,MD,NORTHEAST,DSNP,D,4,False
2021,H3959,036,VA,NORTHEAST,DSNP,D,5,False
2021,H3959,036,OK,CENTRAL,DSNP,D,3,False
2021,H3959,036,ND,CENTRAL,DSNP,D,1,False
2021,H3959,036,PA,NORTHEAST,DSNP,D,6156,True
2021,H3959,036,ME,NORTHEAST,DSNP,D,2,False
2021,H3959,036,NJ,NORTHEAST,DSNP,D,8,False
2021,H3959,036,AL,SOUTHEAST,DSNP,D,3,False
2021,H3959,036,TX,CENTRAL,DSNP,D,1,False
2021,H3959,036,NC,SOUTHEAST,DSNP,D,5,False
2021,H3959,036,DE,NORTHEAST,DSNP,D,5,False
2021,H3959,036,LA,SOUTHEAST,DSNP,D,1,False
2021,H3959,036,OH,CENTRAL,DSNP,D,11,False
2021,H3959,036,WV,NORTHEAST,DSNP,D,4,False
2021,H3959,036,MA,NORTHEAST,DSNP,D,2,False
2021,H3959,036,KY,CENTRAL,DSNP,D,2,False
2021,H3959,036,NY,NORTHEAST,DSNP,D,9,False
2021,H3959,036,CT,NORTHEAST,DSNP,D,1,False
2021,H3959,036,OR,WEST,DSNP,D,1,False
2021,H3959,036,UT,WEST,DSNP,D,1,False
2021,H3959,036,MD,NORTHEAST,DSNP,D,2,False
2021,H3959,036,FL,SOUTHEAST,DSNP,D,19,False
2021,H3959,036,KS,CENTRAL,DSNP,D,2,False
2021,H3959,036,IL,CENTRAL,DSNP,D,2,False
2021,H3959,036,SC,SOUTHEAST,DSNP,D,5,False
2021,H3959,036,MI,CENTRAL,DSNP,D,2,False
2021,H3959,036,NH,NORTHEAST,DSNP,D,1,False
2021,H3959,036,IN,CENTRAL,DSNP,D,2,False
2021,H3959,036,CO,CENTRAL,DSNP,D,1,False
2021,H3959,036,TN,SOUTHEAST,DSNP,D,1,False
2021,H3959,036,GA,SOUTHEAST,DSNP,D,1,False
2021,H3959,036,MS,SOUTHEAST,DSNP,D,1,False
2021,H3959,036,WA,WEST,DSNP,D,1,False
2021,H4711,011,KS,CENTRAL,DSNP,D,1,False
2021,H4711,011,KY,CENTRAL,DSNP,D,1,False
2021,H4711,011,WA,WEST,DSNP,D,2,False
2021,H4711,011,AZ,WEST,DSNP,D,4,False
2021,H4711,011,MO,CENTRAL,DSNP,D,2,False
2021,H4711,011,UT,WEST,DSNP,D,3,False
2021,H4711,011,NY,NORTHEAST,DSNP,D,1,False
2021,H4711,011,GA,SOUTHEAST,DSNP,D,3,False
2021,H4711,011,OH,CENTRAL,DSNP,D,3,False
2021,H4711,011,NM,CENTRAL,DSNP,D,2,False
2021,H4711,011,MS,SOUTHEAST,DSNP,D,4,False
2021,H4711,011,CT,NORTHEAST,DSNP,D,1,False
2021,H4711,011,LA,SOUTHEAST,DSNP,D,1,False
2021,H4711,011,NV,WEST,DSNP,D,1906,True
2021,H4711,011,AR,SOUTHEAST,DSNP,D,2,False
2021,H4711,011,OR,WEST,DSNP,D,2,False
2021,H4711,011,TN,SOUTHEAST,DSNP,D,3,False
2021,H4711,011,TX,CENTRAL,DSNP,D,8,False
2021,H4711,011,IL,CENTRAL,DSNP,D,2,False
2021,H4711,011,DE,NORTHEAST,DSNP,D,1,False
2021,H4711,011,WI,CENTRAL,DSNP,D,1,False
2021,H4711,011,FL,SOUTHEAST,DSNP,D,4,False
2021,H4711,011,CO,CENTRAL,DSNP,D,2,False
2021,H4711,011,NJ,NORTHEAST,DSNP,D,1,False
2021,H4711,011,MI,CENTRAL,DSNP,D,7,False
2021,H4711,011,CA,WEST,DSNP,D,16,False
2021,H4711,011,AL,SOUTHEAST,DSNP,D,2,False
2021,H4982,008,NC,SOUTHEAST,DSNP,D,1,False
2021,H4982,008,OR,WEST,DSNP,D,1,False
2021,H4982,008,KS,CENTRAL,DSNP,D,1,False
2021,H4982,008,WA,WEST,DSNP,D,2,False
2021,H4982,008,AZ,WEST,DSNP,D,1,False
2021,H4982,008,TX,CENTRAL,DSNP,D,2,False
2021,H4982,008,PA,NORTHEAST,DSNP,D,1,False
2021,H4982,008,GA,SOUTHEAST,DSNP,D,2,False
2021,H4982,008,FL,SOUTHEAST,DSNP,D,2,False
2021,H4982,008,CA,WEST,DSNP,D,1392,True
2021,H4982,009,MO,CENTRAL,DSNP,D,1,False
2021,H4982,009,ID,WEST,DSNP,D,1,False
2021,H4982,009,CA,WEST,DSNP,D,1030,True
2021,H4982,009,OR,WEST,DSNP,D,1,False
2021,H4982,009,OH,CENTRAL,DSNP,D,1,False
2021,H4982,009,OK,CENTRAL,DSNP,D,1,False
2021,H4982,009,NM,CENTRAL,DSNP,D,2,False
2021,H4982,009,NV,WEST,DSNP,D,2,False
2021,H4982,009,MN,CENTRAL,DSNP,D,1,False
2021,H5302,012,FL,SOUTHEAST,DSNP,D,6,False
2021,H5302,012,WI,CENTRAL,DSNP,D,1,False
2021,H5302,012,PA,NORTHEAST,DSNP,D,2,False
2021,H5302,012,DC,NORTHEAST,DSNP,D,1,False
2021,H5302,012,VA,NORTHEAST,DSNP,D,2,False
2021,H5302,012,CA,WEST,DSNP,D,1,False
2021,H5302,012,NY,NORTHEAST,DSNP,D,5,False
2021,H5302,012,OH,CENTRAL,DSNP,D,1,False
2021,H5302,012,GA,SOUTHEAST,DSNP,D,1186,True
2021,H5302,012,IN,CENTRAL,DSNP,D,1,False
2021,H5302,012,AL,SOUTHEAST,DSNP,D,2,False
2021,H5302,012,NC,SOUTHEAST,DSNP,D,3,False
2021,H5302,012,TX,CENTRAL,DSNP,D,5,False
2021,H5302,012,SC,SOUTHEAST,DSNP,D,1,False
2021,H5302,012,CT,NORTHEAST,DSNP,D,1,False
2021,H5302,013,TN,SOUTHEAST,DSNP,D,1,False
2021,H5302,013,SC,SOUTHEAST,DSNP,D,1,False
2021,H5302,013,DC,NORTHEAST,DSNP,D,1,False
2021,H5302,013,GA,SOUTHEAST,DSNP,D,372,True
2021,H5302,013,NC,SOUTHEAST,DSNP,D,1,False
2021,H5302,013,VA,NORTHEAST,DSNP,D,1,False
2021,H5302,013,KY,CENTRAL,DSNP,D,1,False
2021,H5302,013,MI,CENTRAL,DSNP,D,1,False
2021,H5302,013,MD,NORTHEAST,DSNP,D,1,False
2021,H5302,014,VA,NORTHEAST,DSNP,D,2,False
2021,H5302,014,IN,CENTRAL,DSNP,D,1,False
2021,H5302,014,SC,SOUTHEAST,DSNP,D,1,False
2021,H5302,014,GA,SOUTHEAST,DSNP,D,366,True
2021,H5302,014,ID,WEST,DSNP,D,1,False
2021,H5302,014,TN,SOUTHEAST,DSNP,D,1,False
2021,H5302,014,NY,NORTHEAST,DSNP,D,1,False
2021,H5302,014,PA,NORTHEAST,DSNP,D,1,False
2021,H5302,014,FL,SOUTHEAST,DSNP,D,1,False
2021,H5302,014,OH,CENTRAL,DSNP,D,1,False
2021,H5325,001,MO,CENTRAL,DSNP,D,25,False
2021,H5325,001,VA,NORTHEAST,DSNP,D,1,False
2021,H5325,001,TN,SOUTHEAST,DSNP,D,1,False
2021,H5325,001,AR,SOUTHEAST,DSNP,D,1,False
2021,H5325,001,AZ,WEST,DSNP,D,1,False
2021,H5325,001,IL,CENTRAL,DSNP,D,2,False
2021,H5325,001,IN,CENTRAL,DSNP,D,2,False
2021,H5325,001,CA,WEST,DSNP,D,1,False
2021,H5325,001,CO,CENTRAL,DSNP,D,2,False
2021,H5325,001,GA,SOUTHEAST,DSNP,D,1,False
2021,H5325,001,OK,CENTRAL,DSNP,D,10,False
2021,H5325,001,OH,CENTRAL,DSNP,D,2,False
2021,H5325,001,MN,CENTRAL,DSNP,D,1,False
2021,H5325,001,OR,WEST,DSNP,D,1,False
2021,H5325,001,KS,CENTRAL,DSNP,D,2044,True
2021,H5325,001,FL,SOUTHEAST,DSNP,D,2,False
2021,H5325,001,MI,CENTRAL,DSNP,D,1,False
2021,H5325,001,TX,CENTRAL,DSNP,D,5,False
2021,H5325,002,TX,CENTRAL,DSNP,D,4,False
2021,H5325,002,NE,CENTRAL,DSNP,D,1,False
2021,H5325,002,AZ,WEST,DSNP,D,2,False
2021,H5325,002,KS,CENTRAL,DSNP,D,1120,True
2021,H5325,002,OK,CENTRAL,DSNP,D,6,False
2021,H5325,002,WI,CENTRAL,DSNP,D,1,False
2021,H5325,002,MO,CENTRAL,DSNP,D,1,False
2021,H5325,002,SD,CENTRAL,DSNP,D,1,False
2021,H5325,002,AR,SOUTHEAST,DSNP,D,1,False
2021,H5325,002,WV,NORTHEAST,DSNP,D,1,False
2021,H5325,002,AL,SOUTHEAST,DSNP,D,1,False
2021,H5325,002,IA,CENTRAL,DSNP,D,1,False
2021,H5325,003,PA,NORTHEAST,DSNP,D,2,False
2021,H5325,003,ME,NORTHEAST,DSNP,D,1,False
2021,H5325,003,MN,CENTRAL,DSNP,D,1,False
2021,H5325,003,SD,CENTRAL,DSNP,D,1,False
2021,H5325,003,IA,CENTRAL,DSNP,D,1,False
2021,H5325,003,OK,CENTRAL,DSNP,D,1,False
2021,H5325,003,AZ,WEST,DSNP,D,2,False
2021,H5325,003,MO,CENTRAL,DSNP,D,1563,True
2021,H5325,003,CO,CENTRAL,DSNP,D,1,False
2021,H5325,003,TX,CENTRAL,DSNP,D,2,False
2021,H5325,003,OH,CENTRAL,DSNP,D,1,False
2021,H5325,003,IL,CENTRAL,DSNP,D,1,False
2021,H5325,003,KS,CENTRAL,DSNP,D,16,False
2021,H5325,003,NC,SOUTHEAST,DSNP,D,1,False
2021,H5325,003,OR,WEST,DSNP,D,1,False
2021,H5325,003,CA,WEST,DSNP,D,1,False
2021,H5325,003,FL,SOUTHEAST,DSNP,D,2,False
2021,H5325,004,TX,CENTRAL,DSNP,D,2,False
2021,H5325,004,NM,CENTRAL,DSNP,D,1,False
2021,H5325,004,KS,CENTRAL,DSNP,D,2,False
2021,H5325,004,IL,CENTRAL,DSNP,D,2,False
2021,H5325,004,IA,CENTRAL,DSNP,D,1,False
2021,H5325,004,OK,CENTRAL,DSNP,D,3,False
2021,H5325,004,NE,CENTRAL,DSNP,D,1,False
2021,H5325,004,OH,CENTRAL,DSNP,D,1,False
2021,H5325,004,MI,CENTRAL,DSNP,D,1,False
2021,H5325,004,FL,SOUTHEAST,DSNP,D,2,False
2021,H5325,004,MO,CENTRAL,DSNP,D,689,True
2021,H5325,004,VA,NORTHEAST,DSNP,D,1,False
2021,H5325,004,WA,WEST,DSNP,D,1,False
2021,H5325,004,LA,SOUTHEAST,DSNP,D,1,False
2021,H5325,004,AR,SOUTHEAST,DSNP,D,2,False
2021,H5325,004,CA,WEST,DSNP,D,2,False
2021,H5325,005,GA,SOUTHEAST,DSNP,D,1,False
2021,H5325,005,KS,CENTRAL,DSNP,D,1,False
2021,H5325,005,OH,CENTRAL,DSNP,D,2,False
2021,H5325,005,MO,CENTRAL,DSNP,D,1633,True
2021,H5325,005,IL,CENTRAL,DSNP,D,4,False
2021,H5325,005,TX,CENTRAL,DSNP,D,3,False
2021,H5325,005,VA,NORTHEAST,DSNP,D,1,False
2021,H5325,005,AR,SOUTHEAST,DSNP,D,1,False
2021,H5325,006,MO,CENTRAL,DSNP,D,147,True
2021,H5337,001,PA,NORTHEAST,DSNP,D,2,False
2021,H5337,001,TX,CENTRAL,DSNP,D,1,False
2021,H5337,001,MI,CENTRAL,DSNP,D,1,False
2021,H5337,001,WV,NORTHEAST,DSNP,D,2,False
2021,H5337,001,FL,SOUTHEAST,DSNP,D,1,False
2021,H5337,001,OH,CENTRAL,DSNP,D,1243,True
2021,H5593,001,IA,CENTRAL,DSNP,D,2162,True
2021,H5593,001,TN,SOUTHEAST,DSNP,D,1,False
2021,H5593,001,CT,NORTHEAST,DSNP,D,1,False
2021,H5593,001,TX,CENTRAL,DSNP,D,2,False
2021,H5593,001,CO,CENTRAL,DSNP,D,1,False
2021,H5593,001,SD,CENTRAL,DSNP,D,1,False
2021,H5593,001,WI,CENTRAL,DSNP,D,2,False
2021,H5593,001,CA,WEST,DSNP,D,3,False
2021,H5593,001,AZ,WEST,DSNP,D,3,False
2021,H5593,001,GA,SOUTHEAST,DSNP,D,1,False
2021,H5593,001,MO,CENTRAL,DSNP,D,2,False
2021,H5593,001,MI,CENTRAL,DSNP,D,1,False
2021,H5593,001,OH,CENTRAL,DSNP,D,1,False
2021,H5593,001,MN,CENTRAL,DSNP,D,1,False
2021,H5593,001,IL,CENTRAL,DSNP,D,10,False
2021,H5593,001,NE,CENTRAL,DSNP,D,4,False
2021,H5593,001,KS,CENTRAL,DSNP,D,2,False
2021,H5793,017,NC,SOUTHEAST,DSNP,D,5,False
2021,H5793,017,CO,CENTRAL,DSNP,D,1,False
2021,H5793,017,AZ,WEST,DSNP,D,1,False
2021,H5793,017,WA,WEST,DSNP,D,1,False
2021,H5793,017,NY,NORTHEAST,DSNP,D,6,False
2021,H5793,017,CT,NORTHEAST,DSNP,D,5344,True
2021,H5793,017,MD,NORTHEAST,DSNP,D,3,False
2021,H5793,017,TN,SOUTHEAST,DSNP,D,1,False
2021,H5793,017,OH,CENTRAL,DSNP,D,2,False
2021,H5793,017,FL,SOUTHEAST,DSNP,D,18,False
2021,H5793,017,NV,WEST,DSNP,D,2,False
2021,H5793,017,MA,NORTHEAST,DSNP,D,5,False
2021,H5793,017,VA,NORTHEAST,DSNP,D,3,False
2021,H5793,017,AL,SOUTHEAST,DSNP,D,1,False
2021,H5793,017,SC,SOUTHEAST,DSNP,D,2,False
2021,H5793,017,PA,NORTHEAST,DSNP,D,3,False
2021,H5793,017,NH,NORTHEAST,DSNP,D,1,False
2021,H5793,017,MI,CENTRAL,DSNP,D,1,False
2021,H5793,017,TX,CENTRAL,DSNP,D,4,False
2021,H5793,017,IN,CENTRAL,DSNP,D,3,False
2021,H5793,017,GA,SOUTHEAST,DSNP,D,4,False
2021,H5793,017,NJ,NORTHEAST,DSNP,D,2,False
2021,H6399,001,NJ,NORTHEAST,DSNP(FIDE),F,1755,True
2021,H6399,001,NJ,Unidentified_MA_Region,DSNP(FIDE),F,17,False
2021,H7149,006,CO,CENTRAL,DSNP,D,1,False
2021,H7149,006,OR,WEST,DSNP,D,1,False
2021,H7149,006,NE,CENTRAL,DSNP,D,663,True
2021,H7149,006,IA,CENTRAL,DSNP,D,7,False
2021,H7149,006,TX,CENTRAL,DSNP,D,2,False
2021,H7149,006,MA,NORTHEAST,DSNP,D,1,False
2021,H7149,006,IL,CENTRAL,DSNP,D,1,False
2021,H7149,006,MO,CENTRAL,DSNP,D,2,False
2021,H7149,006,AZ,WEST,DSNP,D,2,False
2021,H8597,001,WA,WEST,DSNP,D,1,False
2021,H8597,001,MI,CENTRAL,DSNP,D,2,False
2021,H8597,001,SC,SOUTHEAST,DSNP,D,1,False
2021,H8597,001,TX,CENTRAL,DSNP,D,5103,True
2021,H8597,001,KS,CENTRAL,DSNP,D,1,False
2021,H8597,001,OK,CENTRAL,DSNP,D,5,False
2021,H8597,001,GA,SOUTHEAST,DSNP,D,1,False
2021,H8597,001,NV,WEST,DSNP,D,1,False
2021,H8597,001,NE,CENTRAL,DSNP,D,2,False
2021,H8597,001,OH,CENTRAL,DSNP,D,1,False
2021,H8597,001,NY,NORTHEAST,DSNP,D,2,False
2021,H8597,001,NM,CENTRAL,DSNP,D,3,False
2021,H8597,001,AL,SOUTHEAST,DSNP,D,2,False
2021,H8597,001,CA,WEST,DSNP,D,4,False
2021,H8597,001,KY,CENTRAL,DSNP,D,1,False
2021,H8597,001,WV,NORTHEAST,DSNP,D,1,False
2021,H8597,001,CO,CENTRAL,DSNP,D,2,False
2021,H8597,001,IL,CENTRAL,DSNP,D,2,False
2021,H8597,001,NC,SOUTHEAST,DSNP,D,2,False
2021,H8597,001,AZ,WEST,DSNP,D,2,False
2021,H8597,001,FL,SOUTHEAST,DSNP,D,6,False
2021,H8597,001,MO,CENTRAL,DSNP,D,2,False
2021,H8597,001,LA,SOUTHEAST,DSNP,D,2,False
2021,H8597,001,IN,CENTRAL,DSNP,D,1,False
2021,H8597,001,MN,CENTRAL,DSNP,D,1,False
2021,H8597,001,AR,SOUTHEAST,DSNP,D,1,False
2021,H8597,002,OK,CENTRAL,DSNP,D,6,False
2021,H8597,002,CA,WEST,DSNP,D,3,False
2021,H8597,002,LA,SOUTHEAST,DSNP,D,4,False
2021,H8597,002,AZ,WEST,DSNP,D,1,False
2021,H8597,002,FL,SOUTHEAST,DSNP,D,2,False
2021,H8597,002,AR,SOUTHEAST,DSNP,D,2,False
2021,H8597,002,MS,SOUTHEAST,DSNP,D,1,False
2021,H8597,002,WA,WEST,DSNP,D,1,False
2021,H8597,002,MT,WEST,DSNP,D,1,False
2021,H8597,002,NV,WEST,DSNP,D,1,False
2021,H8597,002,IA,CENTRAL,DSNP,D,1,False
2021,H8597,002,NC,SOUTHEAST,DSNP,D,2,False
2021,H8597,002,MI,CENTRAL,DSNP,D,2,False
2021,H8597,002,NJ,NORTHEAST,DSNP,D,2,False
2021,H8597,002,PA,NORTHEAST,DSNP,D,1,False
2021,H8597,002,IL,CENTRAL,DSNP,D,3,False
2021,H8597,002,WI,CENTRAL,DSNP,D,2,False
2021,H8597,002,GA,SOUTHEAST,DSNP,D,2,False
2021,H8597,002,TX,CENTRAL,DSNP,D,2301,True
2021,H8597,002,AL,SOUTHEAST,DSNP,D,1,False
2021,H8597,003,OK,CENTRAL,DSNP,D,1,False
2021,H8597,003,TX,CENTRAL,DSNP,D,2227,True
2021,H8597,003,OH,CENTRAL,DSNP,D,1,False
2021,H8597,003,CA,WEST,DSNP,D,2,False
2021,H8597,003,TN,SOUTHEAST,DSNP,D,1,False
2021,H8597,003,MI,CENTRAL,DSNP,D,1,False
2021,H8597,003,NY,NORTHEAST,DSNP,D,1,False
2021,H8597,003,ID,WEST,DSNP,D,1,False
2021,H8597,003,CO,CENTRAL,DSNP,D,1,False
2021,H8597,003,MA,NORTHEAST,DSNP,D,1,False
2021,H8597,003,KS,CENTRAL,DSNP,D,1,False
2021,H8597,003,FL,SOUTHEAST,DSNP,D,3,False
2021,H8597,003,LA,SOUTHEAST,DSNP,D,3,False
2022,H0628,012,GA,SOUTHEAST,DSNP,D,1,False
2022,H0628,012,MI,CENTRAL,DSNP,D,1,False
2022,H0628,012,IN,CENTRAL,DSNP,D,6,False
2022,H0628,012,WV,NORTHEAST,DSNP,D,3,False
2022,H0628,012,PA,NORTHEAST,DSNP,D,1,False
2022,H0628,012,OH,CENTRAL,DSNP,D,17,False
2022,H0628,012,MS,SOUTHEAST,DSNP,D,1,False
2022,H0628,012,KY,CENTRAL,DSNP,D,3634,True
2022,H0628,012,VA,NORTHEAST,DSNP,D,1,False
2022,H0628,012,WA,WEST,DSNP,D,1,False
2022,H0628,012,FL,SOUTHEAST,DSNP,D,4,False
2022,H0628,012,MO,CENTRAL,DSNP,D,4,False
2022,H0628,012,LA,SOUTHEAST,DSNP,D,2,False
2022,H0628,012,TN,SOUTHEAST,DSNP,D,4,False
2022,H0628,012,TX,CENTRAL,DSNP,D,3,False
2022,H0628,012,AL,SOUTHEAST,DSNP,D,1,False
2022,H0628,013,MI,CENTRAL,DSNP,D,15,False
2022,H0628,013,IA,CENTRAL,DSNP,D,2,False
2022,H0628,013,CT,NORTHEAST,DSNP,D,1,False
2022,H0628,013,CO,CENTRAL,DSNP,D,2,False
2022,H0628,013,GA,SOUTHEAST,DSNP,D,12,False
2022,H0628,013,KY,CENTRAL,DSNP,D,7,False
2022,H0628,013,ME,NORTHEAST,DSNP,D,1,False
2022,H0628,013,LA,SOUTHEAST,DSNP,D,4,False
2022,H0628,013,MS,SOUTHEAST,DSNP,D,1,False
2022,H0628,013,NM,CENTRAL,DSNP,D,1,False
2022,H0628,013,PA,NORTHEAST,DSNP,D,10,False
2022,H0628,013,VA,NORTHEAST,DSNP,D,2,False
2022,H0628,013,WV,NORTHEAST,DSNP,D,12,False
2022,H0628,013,AL,SOUTHEAST,DSNP,D,5,False
2022,H0628,013,MO,CENTRAL,DSNP,D,3,False
2022,H0628,013,DE,NORTHEAST,DSNP,D,1,False
2022,H0628,013,IN,CENTRAL,DSNP,D,6,False
2022,H0628,013,MD,NORTHEAST,DSNP,D,2,False
2022,H0628,013,WA,WEST,DSNP,D,2,False
2022,H0628,013,MA,NORTHEAST,DSNP,D,1,False
2022,H0628,013,SC,SOUTHEAST,DSNP,D,3,False
2022,H0628,013,TN,SOUTHEAST,DSNP,D,6,False
2022,H0628,013,OH,CENTRAL,DSNP,D,15588,True
2022,H0628,013,FL,SOUTHEAST,DSNP,D,16,False
2022,H0628,013,OK,CENTRAL,DSNP,D,1,False
2022,H0628,013,NE,CENTRAL,DSNP,D,1,False
2022,H0628,013,NC,SOUTHEAST,DSNP,D,8,False
2022,H0628,013,AZ,WEST,DSNP,D,7,False
2022,H0628,013,CA,WEST,DSNP,D,1,False
2022,H0628,013,KS,CENTRAL,DSNP,D,3,False
2022,H0628,013,TX,CENTRAL,DSNP,D,12,False
2022,H0628,013,NY,NORTHEAST,DSNP,D,3,False
2022,H0628,013,IL,CENTRAL,DSNP,D,3,False
2022,H1609,017,TX,CENTRAL,DSNP,D,1,False
2022,H1609,017,IN,CENTRAL,DSNP,D,2,False
2022,H1609,017,MA,NORTHEAST,DSNP,D,1,False
2022,H1609,017,NY,NORTHEAST,DSNP,D,4,False
2022,H1609,017,OH,CENTRAL,DSNP,D,1,False
2022,H1609,017,PA,NORTHEAST,DSNP,D,1,False
2022,H1609,017,NJ,NORTHEAST,DSNP,D,2,False
2022,H1609,017,AR,SOUTHEAST,DSNP,D,1,False
2022,H1609,017,SC,SOUTHEAST,DSNP,D,2,False
2022,H1609,017,FL,SOUTHEAST,DSNP,D,1975,True
2022,H1609,017,GA,SOUTHEAST,DSNP,D,10,False
2022,H1609,019,PA,NORTHEAST,DSNP,D,1,False
2022,H1609,019,MO,CENTRAL,DSNP,D,2,False
2022,H1609,019,SD,CENTRAL,DSNP,D,1,False
2022,H1609,019,MI,CENTRAL,DSNP,D,1,False
2022,H1609,019,NC,SOUTHEAST,DSNP,D,1,False
2022,H1609,019,CA,WEST,DSNP,D,2,False
2022,H1609,019,TX,CENTRAL,DSNP,D,2,False
2022,H1609,019,GA,SOUTHEAST,DSNP,D,2,False
2022,H1609,019,NY,NORTHEAST,DSNP,D,2,False
2022,H1609,019,LA,SOUTHEAST,DSNP,D,1,False
2022,H1609,019,FL,SOUTHEAST,DSNP,D,797,True
2022,H1609,019,CO,CENTRAL,DSNP,D,1,False
2022,H1609,019,OH,CENTRAL,DSNP,D,1,False
2022,H1609,019,MA,NORTHEAST,DSNP,D,1,False
2022,H1609,023,FL,SOUTHEAST,DSNP,D,181,True
2022,H1609,023,IL,CENTRAL,DSNP,D,1,False
2022,H1609,039,AL,SOUTHEAST,DSNP,D,1,False
2022,H1609,039,NY,NORTHEAST,DSNP,D,1,False
2022,H1609,039,FL,SOUTHEAST,DSNP,D,225,True
2022,H1609,039,MI,CENTRAL,DSNP,D,1,False
2022,H1609,039,AR,SOUTHEAST,DSNP,D,1,False
2022,H1609,039,GA,SOUTHEAST,DSNP,D,1,False
2022,H1609,039,CA,WEST,DSNP,D,1,False
2022,H1609,040,WV,NORTHEAST,DSNP,D,1,False
2022,H1609,040,NJ,NORTHEAST,DSNP,D,1,False
2022,H1609,040,GA,SOUTHEAST,DSNP,D,1,False
2022,H1609,040,FL,SOUTHEAST,DSNP,D,221,True
2022,H1609,040,MO,CENTRAL,DSNP,D,1,False
2022,H1609,043,AL,SOUTHEAST,DSNP,D,2,False
2022,H1609,043,CO,CENTRAL,DSNP,D,1,False
2022,H1609,043,OH,CENTRAL,DSNP,D,2,False
2022,H1609,043,TN,SOUTHEAST,DSNP,D,1,False
2022,H1609,043,WY,WEST,DSNP,D,1,False
2022,H1609,043,NY,NORTHEAST,DSNP,D,7,False
2022,H1609,043,DC,NORTHEAST,DSNP,D,1,False
2022,H1609,043,CT,NORTHEAST,DSNP,D,1,False
2022,H1609,043,NJ,NORTHEAST,DSNP,D,5,False
2022,H1609,043,GA,SOUTHEAST,DSNP,D,22,False
2022,H1609,043,UT,WEST,DSNP,D,2,False
2022,H1609,043,IL,CENTRAL,DSNP,D,2,False
2022,H1609,043,SD,CENTRAL,DSNP,D,1,False
2022,H1609,043,RI,NORTHEAST,DSNP,D,1,False
2022,H1609,043,MI,CENTRAL,DSNP,D,1,False
2022,H1609,043,PA,NORTHEAST,DSNP,D,6,False
2022,H1609,043,NM,CENTRAL,DSNP,D,1,False
2022,H1609,043,SC,SOUTHEAST,DSNP,D,4,False
2022,H1609,043,NC,SOUTHEAST,DSNP,D,7,False
2022,H1609,043,NV,WEST,DSNP,D,4,False
2022,H1609,043,CA,WEST,DSNP,D,2,False
2022,H1609,043,VA,Unidentified_MA_Region,DSNP,D,1,False
2022,H1609,043,WA,WEST,DSNP,D,2,False
2022,H1609,043,TX,CENTRAL,DSNP,D,15,False
2022,H1609,043,KY,CENTRAL,DSNP,D,2,False
2022,H1609,043,MD,NORTHEAST,DSNP,D,1,False
2022,H1609,043,MA,NORTHEAST,DSNP,D,2,False
2022,H1609,043,FL,SOUTHEAST,DSNP,D,8708,True
2022,H1609,043,IN,CENTRAL,DSNP,D,2,False
2022,H1609,043,VA,NORTHEAST,DSNP,D,2,False
2022,H1609,043,LA,SOUTHEAST,DSNP,D,2,False
2022,H1609,044,NH,NORTHEAST,DSNP,D,2,False
2022,H1609,044,MA,NORTHEAST,DSNP,D,1,False
2022,H1609,044,CA,WEST,DSNP,D,1,False
2022,H1609,044,KS,CENTRAL,DSNP,D,1,False
2022,H1609,044,CT,NORTHEAST,DSNP,D,1,False
2022,H1609,044,PR,PUERTORICO,DSNP,D,2,False
2022,H1609,044,LA,SOUTHEAST,DSNP,D,1,False
2022,H1609,044,NJ,NORTHEAST,DSNP,D,1,False
2022,H1609,044,GA,SOUTHEAST,DSNP,D,4,False
2022,H1609,044,FL,SOUTHEAST,DSNP,D,1938,True
2022,H1609,044,NY,NORTHEAST,DSNP,D,5,False
2022,H1609,044,OH,CENTRAL,DSNP,D,3,False
2022,H1609,044,SC,SOUTHEAST,DSNP,D,3,False
2022,H1609,044,NC,SOUTHEAST,DSNP,D,4,False
2022,H1609,044,OK,CENTRAL,DSNP,D,1,False
2022,H1609,044,TX,CENTRAL,DSNP,D,2,False
2022,H1609,044,VA,NORTHEAST,DSNP,D,1,False
2022,H1609,044,ID,WEST,DSNP,D,1,False
2022,H1609,044,IN,CENTRAL,DSNP,D,1,False
2022,H1609,044,PA,NORTHEAST,DSNP,D,1,False
2022,H1609,044,WV,NORTHEAST,DSNP,D,1,False
2022,H1609,044,ME,NORTHEAST,DSNP,D,1,False
2022,H1609,045,NY,NORTHEAST,DSNP,D,2,False
2022,H1609,045,GA,SOUTHEAST,DSNP,D,3,False
2022,H1609,045,MS,SOUTHEAST,DSNP,D,2,False
2022,H1609,045,SC,SOUTHEAST,DSNP,D,2,False
2022,H1609,045,DC,NORTHEAST,DSNP,D,1,False
2022,H1609,045,FL,SOUTHEAST,DSNP,D,1005,True
2022,H1609,045,CO,CENTRAL,DSNP,D,2,False
2022,H1609,045,KY,CENTRAL,DSNP,D,3,False
2022,H1609,045,PA,NORTHEAST,DSNP,D,2,False
2022,H1609,045,MI,CENTRAL,DSNP,D,1,False
2022,H1609,046,TX,CENTRAL,DSNP,D,1,False
2022,H1609,046,MA,NORTHEAST,DSNP,D,1,False
2022,H1609,046,MD,NORTHEAST,DSNP,D,1,False
2022,H1609,046,TN,SOUTHEAST,DSNP,D,1,False
2022,H1609,046,NE,CENTRAL,DSNP,D,1,False
2022,H1609,046,GA,SOUTHEAST,DSNP,D,3,False
2022,H1609,046,NY,NORTHEAST,DSNP,D,2,False
2022,H1609,046,NC,SOUTHEAST,DSNP,D,1,False
2022,H1609,046,FL,SOUTHEAST,DSNP,D,827,True
2022,H1609,046,OH,CENTRAL,DSNP,D,1,False
2022,H1609,046,PA,NORTHEAST,DSNP,D,1,False
2022,H1609,047,FL,SOUTHEAST,DSNP,D,528,True
2022,H1609,047,TN,SOUTHEAST,DSNP,D,1,False
2022,H1609,047,MA,NORTHEAST,DSNP,D,1,False
2022,H1609,047,NY,NORTHEAST,DSNP,D,2,False
2022,H1609,047,WV,NORTHEAST,DSNP,D,1,False
2022,H1609,047,VA,NORTHEAST,DSNP,D,1,False
2022,H1609,047,NJ,NORTHEAST,DSNP,D,2,False
2022,H1609,047,NH,NORTHEAST,DSNP,D,1,False
2022,H1609,047,GA,SOUTHEAST,DSNP,D,3,False
2022,H1609,047,IL,CENTRAL,DSNP,D,1,False
2022,H1609,048,GA,SOUTHEAST,DSNP,D,1,False
2022,H1609,048,CA,WEST,DSNP,D,1,False
2022,H1609,048,AL,SOUTHEAST,DSNP,D,2,False
2022,H1609,048,IA,CENTRAL,DSNP,D,1,False
2022,H1609,048,SD,CENTRAL,DSNP,D,1,False
2022,H1609,048,FL,SOUTHEAST,DSNP,D,1525,True
2022,H1609,048,MI,CENTRAL,DSNP,D,2,False
2022,H1609,048,WA,WEST,DSNP,D,1,False
2022,H1609,048,SC,SOUTHEAST,DSNP,D,1,False
2022,H1609,048,TX,CENTRAL,DSNP,D,1,False
2022,H1609,049,PA,NORTHEAST,DSNP,D,1,False
2022,H1609,049,TN,SOUTHEAST,DSNP,D,1,False
2022,H1609,049,MI,CENTRAL,DSNP,D,2,False
2022,H1609,049,OR,WEST,DSNP,D,1,False
2022,H1609,049,LA,SOUTHEAST,DSNP,D,1,False
2022,H1609,049,TX,CENTRAL,DSNP,D,1,False
2022,H1609,049,IN,CENTRAL,DSNP,D,1,False
2022,H1609,049,FL,SOUTHEAST,DSNP,D,418,True
2022,H1609,049,NY,NORTHEAST,DSNP,D,1,False
2022,H1609,049,WA,WEST,DSNP,D,1,False
2022,H1609,054,GA,SOUTHEAST,HMO,D,1,False
2022,H1609,054,NC,SOUTHEAST,HMO,D,1,False
2022,H1609,054,FL,SOUTHEAST,HMO,D,81,True
2022,H1609,055,RI,NORTHEAST,DSNP,D,1,False
2022,H1609,055,NV,WEST,DSNP,D,1,False
2022,H1609,055,MD,NORTHEAST,DSNP,D,1,False
2022,H1609,055,NC,SOUTHEAST,DSNP,D,1,False
2022,H1609,055,GA,SOUTHEAST,DSNP,D,1,False
2022,H1609,055,IL,CENTRAL,DSNP,D,2,False
2022,H1609,055,PA,NORTHEAST,DSNP,D,1,False
2022,H1609,055,FL,SOUTHEAST,DSNP,D,334,True
2022,H1609,055,TX,CENTRAL,DSNP,D,2,False
2022,H1609,055,OH,CENTRAL,DSNP,D,1,False
2022,H1609,056,DC,NORTHEAST,DSNP,D,1,False
2022,H1609,056,LA,SOUTHEAST,DSNP,D,1,False
2022,H1609,056,AR,SOUTHEAST,DSNP,D,1,False
2022,H1609,056,PR,PUERTORICO,DSNP,D,1,False
2022,H1609,056,MA,NORTHEAST,DSNP,D,1,False
2022,H1609,056,TX,CENTRAL,DSNP,D,3,False
2022,H1609,056,CA,WEST,DSNP,D,1,False
2022,H1609,056,MD,NORTHEAST,DSNP,D,2,False
2022,H1609,056,RI,NORTHEAST,DSNP,D,1,False
2022,H1609,056,OH,CENTRAL,DSNP,D,1,False
2022,H1609,056,IN,CENTRAL,DSNP,D,1,False
2022,H1609,056,DE,NORTHEAST,DSNP,D,1,False
2022,H1609,056,SC,SOUTHEAST,DSNP,D,1,False
2022,H1609,056,PA,NORTHEAST,DSNP,D,1,False
2022,H1609,056,FL,SOUTHEAST,DSNP,D,885,True
2022,H1609,056,KY,CENTRAL,DSNP,D,1,False
2022,H1609,056,NY,NORTHEAST,DSNP,D,3,False
2022,H1609,056,IL,CENTRAL,DSNP,D,1,False
2022,H1609,056,NC,SOUTHEAST,DSNP,D,4,False
2022,H1609,056,CO,CENTRAL,DSNP,D,1,False
2022,H1609,056,AZ,WEST,DSNP,D,1,False
2022,H1609,057,OH,CENTRAL,HMO,D,1,False
2022,H1609,057,NY,NORTHEAST,HMO,D,1,False
2022,H1609,057,GA,SOUTHEAST,HMO,D,1,False
2022,H1609,057,SC,SOUTHEAST,HMO,D,2,False
2022,H1609,057,NJ,NORTHEAST,HMO,D,1,False
2022,H1609,057,AZ,WEST,HMO,D,3,False
2022,H1609,057,TX,CENTRAL,HMO,D,1,False
2022,H1609,057,FL,SOUTHEAST,HMO,D,311,True
2022,H1610,001,VA,Unidentified_MA_Region,DSNP(FIDE),F,44,False
2022,H1610,001,VA,NORTHEAST,DSNP,D,3,False
2022,H1610,001,VA,NORTHEAST,DSNP(FIDE),F,2649,True
2022,H1610,002,VA,Unidentified_MA_Region,DSNP,D,12,False
2022,H1610,002,VA,NORTHEAST,DSNP,D,1051,True
2022,H1610,003,VA,NORTHEAST,DSNP,D,620,True
2022,H1610,003,VA,Unidentified_MA_Region,DSNP,D,7,False
2022,H1692,005,VA,NORTHEAST,DSNP,D,8,False
2022,H1692,005,WI,CENTRAL,DSNP,D,1,False
2022,H1692,005,WV,NORTHEAST,DSNP,D,5227,True
2022,H1692,005,TN,SOUTHEAST,DSNP,D,2,False
2022,H1692,005,KY,CENTRAL,DSNP,D,3,False
2022,H1692,005,FL,SOUTHEAST,DSNP,D,7,False
2022,H1692,005,OR,WEST,DSNP,D,1,False
2022,H1692,005,IL,CENTRAL,DSNP,D,1,False
2022,H1692,005,GA,SOUTHEAST,DSNP,D,1,False
2022,H1692,005,NC,SOUTHEAST,DSNP,D,8,False
2022,H1692,005,SC,SOUTHEAST,DSNP,D,4,False
2022,H1692,005,MD,NORTHEAST,DSNP,D,3,False
2022,H1692,005,PA,NORTHEAST,DSNP,D,7,False
2022,H1692,005,NH,NORTHEAST,DSNP,D,1,False
2022,H1692,005,CA,WEST,DSNP,D,1,False
2022,H1692,005,ME,NORTHEAST,DSNP,D,1,False
2022,H1692,005,NY,NORTHEAST,DSNP,D,1,False
2022,H1692,005,IN,CENTRAL,DSNP,D,4,False
2022,H1692,005,OH,CENTRAL,DSNP,D,25,False
2022,H1692,005,TX,CENTRAL,DSNP,D,2,False
2022,H1692,005,MI,CENTRAL,DSNP,D,2,False
2022,H3146,002,AL,SOUTHEAST,DSNP,D,1,False
2022,H3146,002,DE,NORTHEAST,DSNP,D,1,False
2022,H3146,002,NY,NORTHEAST,DSNP,D,1,False
2022,H3146,002,GA,SOUTHEAST,DSNP,D,1,False
2022,H3146,002,PA,NORTHEAST,DSNP,D,2,False
2022,H3146,002,DC,NORTHEAST,DSNP,D,1,False
2022,H3146,002,OH,CENTRAL,DSNP,D,1,False
2022,H3146,002,FL,SOUTHEAST,DSNP,D,2,False
2022,H3146,002,NC,SOUTHEAST,DSNP,D,2653,True
2022,H3146,002,WI,CENTRAL,DSNP,D,1,False
2022,H3146,002,LA,SOUTHEAST,DSNP,D,2,False
2022,H3146,002,SC,SOUTHEAST,DSNP,D,2,False
2022,H3146,002,VA,NORTHEAST,DSNP,D,5,False
2022,H3146,002,IL,CENTRAL,DSNP,D,1,False
2022,H3146,002,KY,CENTRAL,DSNP,D,1,False
2022,H3146,002,MD,NORTHEAST,DSNP,D,1,False
2022,H3146,003,VA,NORTHEAST,DSNP,D,1,False
2022,H3146,003,AZ,WEST,DSNP,D,1,False
2022,H3146,003,NC,SOUTHEAST,DSNP,D,1174,True
2022,H3146,003,WA,WEST,DSNP,D,1,False
2022,H3146,003,PA,NORTHEAST,DSNP,D,2,False
2022,H3146,003,LA,SOUTHEAST,DSNP,D,1,False
2022,H3146,003,IN,CENTRAL,DSNP,D,1,False
2022,H3146,003,CA,WEST,DSNP,D,1,False
2022,H3146,003,AK,WEST,DSNP,D,1,False
2022,H3146,003,DE,NORTHEAST,DSNP,D,1,False
2022,H3146,003,SC,SOUTHEAST,DSNP,D,1,False
2022,H3146,008,WV,NORTHEAST,DSNP,D,1,False
2022,H3146,008,NY,NORTHEAST,DSNP,D,3,False
2022,H3146,008,AL,SOUTHEAST,DSNP,D,1,False
2022,H3146,008,VA,NORTHEAST,DSNP,D,1,False
2022,H3146,008,TX,CENTRAL,DSNP,D,2,False
2022,H3146,008,MN,CENTRAL,DSNP,D,1,False
2022,H3146,008,MO,CENTRAL,DSNP,D,1,False
2022,H3146,008,MS,SOUTHEAST,DSNP,D,1,False
2022,H3146,008,CA,WEST,DSNP,D,2,False
2022,H3146,008,TN,SOUTHEAST,DSNP,D,1,False
2022,H3146,008,NJ,NORTHEAST,DSNP,D,2,False
2022,H3146,008,FL,SOUTHEAST,DSNP,D,3,False
2022,H3146,008,SC,SOUTHEAST,DSNP,D,6,False
2022,H3146,008,NC,SOUTHEAST,DSNP,D,1618,True
2022,H3146,008,CT,NORTHEAST,DSNP,D,1,False
2022,H3146,009,WV,NORTHEAST,DSNP,D,1,False
2022,H3146,009,NC,SOUTHEAST,DSNP,D,568,True
2022,H3146,009,FL,SOUTHEAST,DSNP,D,1,False
2022,H3146,009,KY,CENTRAL,DSNP,D,1,False
2022,H3146,009,SC,SOUTHEAST,DSNP,D,3,False
2022,H3146,009,GA,SOUTHEAST,DSNP,D,1,False
2022,H3146,009,LA,SOUTHEAST,DSNP,D,1,False
2022,H3192,007,PA,NORTHEAST,DSNP,D,2,False
2022,H3192,007,MI,CENTRAL,DSNP,D,8005,True
2022,H3192,007,OK,CENTRAL,DSNP,D,1,False
2022,H3192,007,VA,NORTHEAST,DSNP,D,1,False
2022,H3192,007,IN,CENTRAL,DSNP,D,3,False
2022,H3192,007,OH,CENTRAL,DSNP,D,6,False
2022,H3192,007,NV,WEST,DSNP,D,1,False
2022,H3192,007,CA,WEST,DSNP,D,3,False
2022,H3192,007,TN,SOUTHEAST,DSNP,D,1,False
2022,H3192,007,MT,WEST,DSNP,D,1,False
2022,H3192,007,WY,WEST,DSNP,D,1,False
2022,H3192,007,GA,SOUTHEAST,DSNP,D,6,False
2022,H3192,007,WV,NORTHEAST,DSNP,D,1,False
2022,H3192,007,ME,NORTHEAST,DSNP,D,1,False
2022,H3192,007,WA,WEST,DSNP,D,2,False
2022,H3192,007,MS,SOUTHEAST,DSNP,D,1,False
2022,H3192,007,MO,CENTRAL,DSNP,D,2,False
2022,H3192,007,TX,CENTRAL,DSNP,D,11,False
2022,H3192,007,FL,SOUTHEAST,DSNP,D,8,False
2022,H3192,007,AL,SOUTHEAST,DSNP,D,3,False
2022,H3192,007,KY,CENTRAL,DSNP,D,2,False
2022,H3192,007,SC,SOUTHEAST,DSNP,D,1,False
2022,H3192,007,MN,CENTRAL,DSNP,D,2,False
2022,H3192,007,AZ,WEST,DSNP,D,2,False
2022,H3192,008,MO,CENTRAL,DSNP,D,1,False
2022,H3192,008,MI,CENTRAL,DSNP,D,1,False
2022,H3192,008,IL,CENTRAL,DSNP,D,8,False
2022,H3192,008,NM,CENTRAL,DSNP,D,1,False
2022,H3192,008,TX,CENTRAL,DSNP,D,2,False
2022,H3192,008,KY,CENTRAL,DSNP,D,1,False
2022,H3192,008,IN,CENTRAL,DSNP,D,1149,True
2022,H3192,008,MN,CENTRAL,DSNP,D,1,False
2022,H3192,008,AZ,WEST,DSNP,D,1,False
2022,H3192,008,DE,NORTHEAST,DSNP,D,1,False
2022,H3192,008,CA,WEST,DSNP,D,3,False
2022,H3192,009,IA,CENTRAL,DSNP,D,1,False
2022,H3192,009,MI,CENTRAL,DSNP,D,1,False
2022,H3192,009,GA,SOUTHEAST,DSNP,D,1,False
2022,H3192,009,OH,CENTRAL,DSNP,D,1,False
2022,H3192,009,CO,CENTRAL,DSNP,D,1,False
2022,H3192,009,WA,WEST,DSNP,D,3,False
2022,H3192,009,MO,CENTRAL,DSNP,D,1,False
2022,H3192,009,IL,CENTRAL,DSNP,D,2,False
2022,H3192,009,IN,CENTRAL,DSNP,D,3389,True
2022,H3192,009,MS,SOUTHEAST,DSNP,D,1,False
2022,H3192,009,PA,NORTHEAST,DSNP,D,1,False
2022,H3192,009,TX,CENTRAL,DSNP,D,8,False
2022,H3192,009,VA,NORTHEAST,DSNP,D,1,False
2022,H3192,009,FL,SOUTHEAST,DSNP,D,2,False
2022,H3192,009,TN,SOUTHEAST,DSNP,D,2,False
2022,H3192,009,NV,WEST,DSNP,D,1,False
2022,H3192,009,WI,CENTRAL,DSNP,D,1,False
2022,H3192,009,WV,NORTHEAST,DSNP,D,3,False
2022,H3192,009,KY,CENTRAL,DSNP,D,2,False
2022,H3239,001,CA,WEST,DSNP,D,1,False
2022,H3239,001,MS,SOUTHEAST,DSNP,D,7,False
2022,H3239,001,OH,CENTRAL,DSNP,D,1,False
2022,H3239,001,MD,NORTHEAST,DSNP,D,1,False
2022,H3239,001,KY,CENTRAL,DSNP,D,1,False
2022,H3239,001,MA,NORTHEAST,DSNP,D,1,False
2022,H3239,001,WV,NORTHEAST,DSNP,D,1,False
2022,H3239,001,MI,CENTRAL,DSNP,D,2,False
2022,H3239,001,LA,SOUTHEAST,DSNP,D,2695,True
2022,H3239,001,NY,NORTHEAST,DSNP,D,2,False
2022,H3239,001,TX,CENTRAL,DSNP,D,12,False
2022,H3239,001,MO,CENTRAL,DSNP,D,1,False
2022,H3239,001,GA,SOUTHEAST,DSNP,D,2,False
2022,H3239,002,NY,NORTHEAST,DSNP,D,1,False
2022,H3239,002,AL,SOUTHEAST,DSNP,D,4458,True
2022,H3239,002,TN,SOUTHEAST,DSNP,D,2,False
2022,H3239,002,IL,CENTRAL,DSNP,D,1,False
2022,H3239,002,IA,CENTRAL,DSNP,D,1,False
2022,H3239,002,TX,CENTRAL,DSNP,D,4,False
2022,H3239,002,MA,NORTHEAST,DSNP,D,1,False
2022,H3239,002,OR,WEST,DSNP,D,1,False
2022,H3239,002,KY,CENTRAL,DSNP,D,1,False
2022,H3239,002,SC,SOUTHEAST,DSNP,D,2,False
2022,H3239,002,MS,SOUTHEAST,DSNP,D,9,False
2022,H3239,002,FL,SOUTHEAST,DSNP,D,8,False
2022,H3239,002,PA,NORTHEAST,DSNP,D,2,False
2022,H3239,002,AR,SOUTHEAST,DSNP,D,1,False
2022,H3239,002,GA,SOUTHEAST,DSNP,D,9,False
2022,H3239,002,AZ,WEST,DSNP,D,1,False
2022,H3239,002,NC,SOUTHEAST,DSNP,D,2,False
2022,H3239,002,MO,CENTRAL,DSNP,D,1,False
2022,H3239,002,LA,SOUTHEAST,DSNP,D,1,False
2022,H3239,003,AR,SOUTHEAST,DSNP,D,2,False
2022,H3239,003,CT,NORTHEAST,DSNP,D,1,False
2022,H3239,003,VA,NORTHEAST,DSNP,D,2,False
2022,H3239,003,MN,CENTRAL,DSNP,D,2,False
2022,H3239,003,WY,WEST,DSNP,D,1,False
2022,H3239,003,PA,NORTHEAST,DSNP,D,2,False
2022,H3239,003,MS,SOUTHEAST,DSNP,D,2,False
2022,H3239,003,NJ,NORTHEAST,DSNP,D,1,False
2022,H3239,003,NC,SOUTHEAST,DSNP,D,1,False
2022,H3239,003,DE,NORTHEAST,DSNP,D,1,False
2022,H3239,003,OK,CENTRAL,DSNP,D,1,False
2022,H3239,003,NE,CENTRAL,DSNP,D,1,False
2022,H3239,003,AL,SOUTHEAST,DSNP,D,2645,True
2022,H3239,003,SC,SOUTHEAST,DSNP,D,2,False
2022,H3239,003,GA,SOUTHEAST,DSNP,D,12,False
2022,H3239,003,LA,SOUTHEAST,DSNP,D,1,False
2022,H3239,003,FL,SOUTHEAST,DSNP,D,7,False
2022,H3239,003,TX,CENTRAL,DSNP,D,1,False
2022,H3239,005,WI,CENTRAL,DSNP,D,1,False
2022,H3239,005,MO,CENTRAL,DSNP,D,1,False
2022,H3239,005,LA,SOUTHEAST,DSNP,D,1,False
2022,H3239,005,TN,SOUTHEAST,DSNP,D,9,False
2022,H3239,005,FL,SOUTHEAST,DSNP,D,2,False
2022,H3239,005,AL,SOUTHEAST,DSNP,D,1,False
2022,H3239,005,AR,SOUTHEAST,DSNP,D,1,False
2022,H3239,005,OH,CENTRAL,DSNP,D,1,False
2022,H3239,005,IN,CENTRAL,DSNP,D,1,False
2022,H3239,005,TX,CENTRAL,DSNP,D,1,False
2022,H3239,005,MS,SOUTHEAST,DSNP,D,1994,True
2022,H3239,006,TX,CENTRAL,DSNP,D,7,False
2022,H3239,006,MS,SOUTHEAST,DSNP,D,1,False
2022,H3239,006,LA,SOUTHEAST,DSNP,D,1044,True
2022,H3239,006,AR,SOUTHEAST,DSNP,D,2,False
2022,H3239,007,LA,SOUTHEAST,DSNP,D,2328,True
2022,H3239,007,OK,CENTRAL,DSNP,D,1,False
2022,H3239,007,AL,SOUTHEAST,DSNP,D,1,False
2022,H3239,007,VA,NORTHEAST,DSNP,D,1,False
2022,H3239,007,IL,CENTRAL,DSNP,D,1,False
2022,H3239,007,CA,WEST,DSNP,D,2,False
2022,H3239,007,TX,CENTRAL,DSNP,D,6,False
2022,H3239,007,KY,CENTRAL,DSNP,D,1,False
2022,H3239,007,GA,SOUTHEAST,DSNP,D,4,False
2022,H3239,007,SC,SOUTHEAST,DSNP,D,1,False
2022,H3239,007,NJ,NORTHEAST,DSNP,D,1,False
2022,H3239,007,MI,CENTRAL,DSNP,D,1,False
2022,H3239,008,CA,WEST,DSNP,D,1,False
2022,H3239,008,LA,SOUTHEAST,DSNP,D,3,False
2022,H3239,008,IA,CENTRAL,DSNP,D,1,False
2022,H3239,008,IL,CENTRAL,DSNP,D,2,False
2022,H3239,008,ME,NORTHEAST,DSNP,D,1,False
2022,H3239,008,AR,SOUTHEAST,DSNP,D,2,False
2022,H3239,008,FL,SOUTHEAST,DSNP,D,1,False
2022,H3239,008,AL,SOUTHEAST,DSNP,D,6,False
2022,H3239,008,TX,CENTRAL,DSNP,D,1,False
2022,H3239,008,MS,SOUTHEAST,DSNP,D,721,True
2022,H3239,008,OK,CENTRAL,DSNP,D,1,False
2022,H3239,008,MD,NORTHEAST,DSNP,D,1,False
2022,H3239,008,GA,SOUTHEAST,DSNP,D,2,False
2022,H3239,008,TN,SOUTHEAST,DSNP,D,1,False
2022,H3239,008,AZ,WEST,DSNP,D,1,False
2022,H3312,069,VA,NORTHEAST,DSNP,D,4,False
2022,H3312,069,VT,NORTHEAST,DSNP,D,1,False
2022,H3312,069,AZ,WEST,DSNP,D,1,False
2022,H3312,069,GA,SOUTHEAST,DSNP,D,6,False
2022,H3312,069,NC,SOUTHEAST,DSNP,D,11,False
2022,H3312,069,NV,WEST,DSNP,D,3,False
2022,H3312,069,OH,CENTRAL,DSNP,D,1,False
2022,H3312,069,LA,SOUTHEAST,DSNP,D,1,False
2022,H3312,069,SC,SOUTHEAST,DSNP,D,5,False
2022,H3312,069,WA,WEST,DSNP,D,2,False
2022,H3312,069,MD,NORTHEAST,DSNP,D,3,False
2022,H3312,069,MO,CENTRAL,DSNP,D,1,False
2022,H3312,069,NH,NORTHEAST,DSNP,D,2,False
2022,H3312,069,CA,WEST,DSNP,D,2,False
2022,H3312,069,PA,NORTHEAST,DSNP,D,13,False
2022,H3312,069,FL,SOUTHEAST,DSNP,D,30,False
2022,H3312,069,NY,NORTHEAST,DSNP,D,7252,True
2022,H3312,069,TX,CENTRAL,DSNP,D,5,False
2022,H3312,069,DE,NORTHEAST,DSNP,D,3,False
2022,H3312,069,MA,NORTHEAST,DSNP,D,1,False
2022,H3312,069,CT,NORTHEAST,DSNP,D,5,False
2022,H3312,069,TN,SOUTHEAST,DSNP,D,2,False
2022,H3312,069,MI,CENTRAL,DSNP,D,1,False
2022,H3312,069,NJ,NORTHEAST,DSNP,D,16,False
2022,H3312,069,ME,NORTHEAST,DSNP,D,1,False
2022,H3312,070,CA,WEST,DSNP,D,3,False
2022,H3312,070,LA,SOUTHEAST,DSNP,D,1,False
2022,H3312,070,NY,NORTHEAST,DSNP,D,7954,True
2022,H3312,070,TX,CENTRAL,DSNP,D,11,False
2022,H3312,070,MD,NORTHEAST,DSNP,D,1,False
2022,H3312,070,NV,WEST,DSNP,D,1,False
2022,H3312,070,ME,NORTHEAST,DSNP,D,1,False
2022,H3312,070,GA,SOUTHEAST,DSNP,D,4,False
2022,H3312,070,CO,CENTRAL,DSNP,D,1,False
2022,H3312,070,MA,NORTHEAST,DSNP,D,1,False
2022,H3312,070,IN,CENTRAL,DSNP,D,1,False
2022,H3312,070,OH,CENTRAL,DSNP,D,2,False
2022,H3312,070,WV,NORTHEAST,DSNP,D,2,False
2022,H3312,070,TN,SOUTHEAST,DSNP,D,3,False
2022,H3312,070,MS,SOUTHEAST,DSNP,D,1,False
2022,H3312,070,UT,WEST,DSNP,D,1,False
2022,H3312,070,FL,SOUTHEAST,DSNP,D,19,False
2022,H3312,070,NM,CENTRAL,DSNP,D,2,False
2022,H3312,070,NC,SOUTHEAST,DSNP,D,10,False
2022,H3312,070,WI,CENTRAL,DSNP,D,1,False
2022,H3312,070,PA,NORTHEAST,DSNP,D,11,False
2022,H3312,070,MI,CENTRAL,DSNP,D,2,False
2022,H3312,070,OK,CENTRAL,DSNP,D,2,False
2022,H3312,070,CT,NORTHEAST,DSNP,D,1,False
2022,H3312,070,VA,NORTHEAST,DSNP,D,4,False
2022,H3312,070,VT,NORTHEAST,DSNP,D,1,False
2022,H3312,070,MO,CENTRAL,DSNP,D,3,False
2022,H3312,070,NE,CENTRAL,DSNP,D,1,False
2022,H3312,070,SC,SOUTHEAST,DSNP,D,5,False
2022,H3312,070,AZ,WEST,DSNP,D,2,False
2022,H3597,011,OR,WEST,DSNP,D,1,False
2022,H3597,011,MA,NORTHEAST,DSNP,D,2,False
2022,H3597,011,FL,SOUTHEAST,DSNP,D,2,False
2022,H3597,011,ME,NORTHEAST,DSNP,D,1623,True
2022,H3597,011,VT,NORTHEAST,DSNP,D,1,False
2022,H3597,011,CT,NORTHEAST,DSNP,D,1,False
2022,H3597,011,PA,NORTHEAST,DSNP,D,3,False
2022,H3597,011,MS,SOUTHEAST,DSNP,D,1,False
2022,H3597,011,NV,WEST,DSNP,D,1,False
2022,H3597,011,NC,SOUTHEAST,DSNP,D,4,False
2022,H3597,011,WA,WEST,DSNP,D,1,False
2022,H3597,011,SC,SOUTHEAST,DSNP,D,2,False
2022,H3959,035,NC,SOUTHEAST,DSNP,D,10,False
2022,H3959,035,SC,SOUTHEAST,DSNP,D,3,False
2022,H3959,035,GA,SOUTHEAST,DSNP,D,6,False
2022,H3959,035,OH,CENTRAL,DSNP,D,1,False
2022,H3959,035,MD,NORTHEAST,DSNP,D,4,False
2022,H3959,035,NJ,NORTHEAST,DSNP,D,11,False
2022,H3959,035,PR,PUERTORICO,DSNP,D,1,False
2022,H3959,035,RI,NORTHEAST,DSNP,D,2,False
2022,H3959,035,TN,SOUTHEAST,DSNP,D,1,False
2022,H3959,035,CA,WEST,DSNP,D,4,False
2022,H3959,035,WV,NORTHEAST,DSNP,D,1,False
2022,H3959,035,CT,NORTHEAST,DSNP,D,4,False
2022,H3959,035,IN,CENTRAL,DSNP,D,1,False
2022,H3959,035,PA,NORTHEAST,DSNP,D,8260,True
2022,H3959,035,FL,SOUTHEAST,DSNP,D,17,False
2022,H3959,035,AL,SOUTHEAST,DSNP,D,3,False
2022,H3959,035,KY,CENTRAL,DSNP,D,1,False
2022,H3959,035,OK,CENTRAL,DSNP,D,1,False
2022,H3959,035,VA,NORTHEAST,DSNP,D,4,False
2022,H3959,035,AZ,WEST,DSNP,D,1,False
2022,H3959,035,MN,CENTRAL,DSNP,D,1,False
2022,H3959,035,DE,NORTHEAST,DSNP,D,16,False
2022,H3959,035,ME,NORTHEAST,DSNP,D,1,False
2022,H3959,035,MS,SOUTHEAST,DSNP,D,1,False
2022,H3959,035,CO,CENTRAL,DSNP,D,1,False
2022,H3959,035,NY,NORTHEAST,DSNP,D,6,False
2022,H3959,035,KS,CENTRAL,DSNP,D,1,False
2022,H3959,035,OR,WEST,DSNP,D,1,False
2022,H3959,036,IL,CENTRAL,DSNP,D,4,False
2022,H3959,036,AZ,WEST,DSNP,D,5,False
2022,H3959,036,NC,SOUTHEAST,DSNP,D,8,False
2022,H3959,036,IA,CENTRAL,DSNP,D,2,False
2022,H3959,036,GA,SOUTHEAST,DSNP,D,5,False
2022,H3959,036,DC,NORTHEAST,DSNP,D,1,False
2022,H3959,036,NY,NORTHEAST,DSNP,D,34,False
2022,H3959,036,PR,PUERTORICO,DSNP,D,2,False
2022,H3959,036,SC,SOUTHEAST,DSNP,D,10,False
2022,H3959,036,OH,CENTRAL,DSNP,D,23,False
2022,H3959,036,LA,SOUTHEAST,DSNP,D,2,False
2022,H3959,036,TX,CENTRAL,DSNP,D,10,False
2022,H3959,036,VT,NORTHEAST,DSNP,D,2,False
2022,H3959,036,UT,WEST,DSNP,D,1,False
2022,H3959,036,CO,CENTRAL,DSNP,D,2,False
2022,H3959,036,FL,SOUTHEAST,DSNP,D,26,False
2022,H3959,036,RI,NORTHEAST,DSNP,D,1,False
2022,H3959,036,NV,WEST,DSNP,D,1,False
2022,H3959,036,MO,CENTRAL,DSNP,D,2,False
2022,H3959,036,MD,NORTHEAST,DSNP,D,10,False
2022,H3959,036,MI,CENTRAL,DSNP,D,1,False
2022,H3959,036,TN,SOUTHEAST,DSNP,D,7,False
2022,H3959,036,WV,NORTHEAST,DSNP,D,4,False
2022,H3959,036,VA,NORTHEAST,DSNP,D,22,False
2022,H3959,036,CT,NORTHEAST,DSNP,D,9,False
2022,H3959,036,ME,NORTHEAST,DSNP,D,1,False
2022,H3959,036,AR,SOUTHEAST,DSNP,D,3,False
2022,H3959,036,CA,WEST,DSNP,D,7,False
2022,H3959,036,IN,CENTRAL,DSNP,D,6,False
2022,H3959,036,DE,NORTHEAST,DSNP,D,5,False
2022,H3959,036,AL,SOUTHEAST,DSNP,D,3,False
2022,H3959,036,OK,CENTRAL,DSNP,D,2,False
2022,H3959,036,WA,WEST,DSNP,D,1,False
2022,H3959,036,KY,CENTRAL,DSNP,D,4,False
2022,H3959,036,KS,CENTRAL,DSNP,D,1,False
2022,H3959,036,NJ,NORTHEAST,DSNP,D,15,False
2022,H3959,036,MS,SOUTHEAST,DSNP,D,3,False
2022,H3959,036,PA,NORTHEAST,DSNP,D,17028,True
2022,H3959,036,WI,CENTRAL,DSNP,D,1,False
2022,H3959,036,NH,NORTHEAST,DSNP,D,2,False
2022,H3959,063,NC,SOUTHEAST,DSNP,D,1,False
2022,H3959,063,SC,SOUTHEAST,DSNP,D,1,False
2022,H3959,063,FL,SOUTHEAST,DSNP,D,4,False
2022,H3959,063,PA,NORTHEAST,DSNP,D,5,False
2022,H3959,063,AZ,WEST,DSNP,D,2,False
2022,H3959,063,NJ,NORTHEAST,DSNP,D,3,False
2022,H3959,063,DE,NORTHEAST,DSNP,D,1147,True
2022,H3959,063,MD,NORTHEAST,DSNP,D,5,False
2022,H3959,063,NY,NORTHEAST,DSNP,D,1,False
2022,H3959,063,MA,NORTHEAST,DSNP,D,2,False
2022,H3959,063,MI,CENTRAL,DSNP,D,1,False
2022,H3959,063,GA,SOUTHEAST,DSNP,D,1,False
2022,H3959,063,LA,SOUTHEAST,DSNP,D,1,False
2022,H3959,063,CA,WEST,DSNP,D,1,False
2022,H4711,011,NC,SOUTHEAST,DSNP,D,2,False
2022,H4711,011,UT,WEST,DSNP,D,3,False
2022,H4711,011,MI,CENTRAL,DSNP,D,3,False
2022,H4711,011,NV,WEST,DSNP,D,2350,True
2022,H4711,011,RI,NORTHEAST,DSNP,D,1,False
2022,H4711,011,CA,WEST,DSNP,D,26,False
2022,H4711,011,MN,CENTRAL,DSNP,D,2,False
2022,H4711,011,MO,CENTRAL,DSNP,D,2,False
2022,H4711,011,TX,CENTRAL,DSNP,D,8,False
2022,H4711,011,CO,CENTRAL,DSNP,D,1,False
2022,H4711,011,LA,SOUTHEAST,DSNP,D,1,False
2022,H4711,011,NY,NORTHEAST,DSNP,D,3,False
2022,H4711,011,NJ,NORTHEAST,DSNP,D,1,False
2022,H4711,011,KS,CENTRAL,DSNP,D,1,False
2022,H4711,011,WA,WEST,DSNP,D,2,False
2022,H4711,011,GA,SOUTHEAST,DSNP,D,1,False
2022,H4711,011,NE,CENTRAL,DSNP,D,2,False
2022,H4711,011,FL,SOUTHEAST,DSNP,D,4,False
2022,H4711,011,PA,NORTHEAST,DSNP,D,2,False
2022,H4711,011,OK,CENTRAL,DSNP,D,1,False
2022,H4711,011,AK,WEST,DSNP,D,2,False
2022,H4711,011,ID,WEST,DSNP,D,1,False
2022,H4711,011,AZ,WEST,DSNP,D,6,False
2022,H4711,011,SC,SOUTHEAST,DSNP,D,3,False
2022,H4711,011,AL,SOUTHEAST,DSNP,D,1,False
2022,H4711,011,VA,NORTHEAST,DSNP,D,3,False
2022,H4711,011,IL,CENTRAL,DSNP,D,1,False
2022,H4711,011,OR,WEST,DSNP,D,2,False
2022,H4711,011,KY,CENTRAL,DSNP,D,2,False
2022,H4711,012,NM,CENTRAL,DSNP,D,4,False
2022,H4711,012,MN,CENTRAL,DSNP,D,1,False
2022,H4711,012,AK,WEST,DSNP,D,2,False
2022,H4711,012,KS,CENTRAL,DSNP,D,2,False
2022,H4711,012,FL,SOUTHEAST,DSNP,D,1,False
2022,H4711,012,AR,SOUTHEAST,DSNP,D,1,False
2022,H4711,012,UT,WEST,DSNP,D,1,False
2022,H4711,012,CO,CENTRAL,DSNP,D,3414,True
2022,H4711,012,WA,WEST,DSNP,D,2,False
2022,H4711,012,IL,CENTRAL,DSNP,D,3,False
2022,H4711,012,MO,CENTRAL,DSNP,D,4,False
2022,H4711,012,WY,WEST,DSNP,D,1,False
2022,H4711,012,OK,CENTRAL,DSNP,D,3,False
2022,H4711,012,WI,CENTRAL,DSNP,D,1,False
2022,H4711,012,TN,SOUTHEAST,DSNP,D,3,False
2022,H4711,012,NE,CENTRAL,DSNP,D,4,False
2022,H4711,012,OR,WEST,DSNP,D,4,False
2022,H4711,012,AZ,WEST,DSNP,D,3,False
2022,H4711,012,CA,WEST,DSNP,D,5,False
2022,H4711,012,NV,WEST,DSNP,D,1,False
2022,H4711,012,MI,CENTRAL,DSNP,D,2,False
2022,H4711,012,IA,CENTRAL,DSNP,D,2,False
2022,H4711,012,TX,CENTRAL,DSNP,D,11,False
2022,H4711,012,NY,NORTHEAST,DSNP,D,1,False
2022,H4711,012,SC,SOUTHEAST,DSNP,D,2,False
2022,H4711,013,OR,WEST,DSNP,D,3,False
2022,H4711,013,MS,SOUTHEAST,DSNP,D,1,False
2022,H4711,013,NC,SOUTHEAST,DSNP,D,1,False
2022,H4711,013,PA,NORTHEAST,DSNP,D,2,False
2022,H4711,013,TX,CENTRAL,DSNP,D,3,False
2022,H4711,013,NV,WEST,DSNP,D,968,True
2022,H4711,013,MI,CENTRAL,DSNP,D,1,False
2022,H4711,013,CO,CENTRAL,DSNP,D,1,False
2022,H4711,013,OH,CENTRAL,DSNP,D,1,False
2022,H4711,013,AZ,WEST,DSNP,D,2,False
2022,H4711,013,WA,WEST,DSNP,D,2,False
2022,H4711,013,FL,SOUTHEAST,DSNP,D,1,False
2022,H4711,013,CA,WEST,DSNP,D,11,False
2022,H4982,008,AZ,WEST,DSNP,D,1,False
2022,H4982,008,CA,WEST,DSNP,D,728,True
2022,H4982,008,NE,CENTRAL,DSNP,D,1,False
2022,H4982,008,MA,NORTHEAST,DSNP,D,1,False
2022,H4982,008,WA,WEST,DSNP,D,1,False
2022,H4982,009,CA,WEST,DSNP,D,545,True
2022,H4982,009,AZ,WEST,DSNP,D,1,False
2022,H4982,009,VA,NORTHEAST,DSNP,D,1,False
2022,H4982,009,OR,WEST,DSNP,D,1,False
2022,H4982,009,GA,SOUTHEAST,DSNP,D,1,False
2022,H4982,009,TX,CENTRAL,DSNP,D,1,False
2022,H4982,009,ID,WEST,DSNP,D,1,False
2022,H5302,012,KY,CENTRAL,DSNP,D,1,False
2022,H5302,012,MI,CENTRAL,DSNP,D,5,False
2022,H5302,012,OH,CENTRAL,DSNP,D,2,False
2022,H5302,012,PA,NORTHEAST,DSNP,D,1,False
2022,H5302,012,NV,WEST,DSNP,D,1,False
2022,H5302,012,AL,SOUTHEAST,DSNP,D,1,False
2022,H5302,012,IL,CENTRAL,DSNP,D,1,False
2022,H5302,012,GA,SOUTHEAST,DSNP,D,1809,True
2022,H5302,012,LA,SOUTHEAST,DSNP,D,1,False
2022,H5302,012,CO,CENTRAL,DSNP,D,1,False
2022,H5302,012,TX,CENTRAL,DSNP,D,2,False
2022,H5302,012,NC,SOUTHEAST,DSNP,D,1,False
2022,H5302,012,NY,NORTHEAST,DSNP,D,2,False
2022,H5302,012,SC,SOUTHEAST,DSNP,D,3,False
2022,H5302,012,MS,SOUTHEAST,DSNP,D,1,False
2022,H5302,012,TN,SOUTHEAST,DSNP,D,4,False
2022,H5302,012,AR,SOUTHEAST,DSNP,D,1,False
2022,H5302,012,FL,SOUTHEAST,DSNP,D,7,False
2022,H5302,012,SD,CENTRAL,DSNP,D,1,False
2022,H5302,012,NJ,NORTHEAST,DSNP,D,1,False
2022,H5302,013,FL,SOUTHEAST,DSNP,D,2,False
2022,H5302,013,AL,SOUTHEAST,DSNP,D,1,False
2022,H5302,013,KY,CENTRAL,DSNP,D,1,False
2022,H5302,013,AZ,WEST,DSNP,D,1,False
2022,H5302,013,NC,SOUTHEAST,DSNP,D,1,False
2022,H5302,013,GA,SOUTHEAST,DSNP,D,478,True
2022,H5302,014,PA,NORTHEAST,DSNP,D,1,False
2022,H5302,014,TX,CENTRAL,DSNP,D,1,False
2022,H5302,014,AL,SOUTHEAST,DSNP,D,1,False
2022,H5302,014,SC,SOUTHEAST,DSNP,D,1,False
2022,H5302,014,GA,SOUTHEAST,DSNP,D,811,True
2022,H5302,014,KY,CENTRAL,DSNP,D,1,False
2022,H5302,014,NH,NORTHEAST,DSNP,D,1,False
2022,H5302,014,OH,CENTRAL,DSNP,D,1,False
2022,H5302,014,MA,NORTHEAST,DSNP,D,1,False
2022,H5302,014,NY,NORTHEAST,DSNP,D,1,False
2022,H5302,014,FL,SOUTHEAST,DSNP,D,2,False
2022,H5325,001,KY,CENTRAL,DSNP,D,1,False
2022,H5325,001,TN,SOUTHEAST,DSNP,D,1,False
2022,H5325,001,NV,WEST,DSNP,D,1,False
2022,H5325,001,GA,SOUTHEAST,DSNP,D,1,False
2022,H5325,001,PA,NORTHEAST,DSNP,D,1,False
2022,H5325,001,OH,CENTRAL,DSNP,D,1,False
2022,H5325,001,MS,SOUTHEAST,DSNP,D,2,False
2022,H5325,001,MA,NORTHEAST,DSNP,D,1,False
2022,H5325,001,LA,SOUTHEAST,DSNP,D,1,False
2022,H5325,001,OK,CENTRAL,DSNP,D,3,False
2022,H5325,001,MT,WEST,DSNP,D,1,False
2022,H5325,001,IN,CENTRAL,DSNP,D,1,False
2022,H5325,001,AZ,WEST,DSNP,D,1,False
2022,H5325,001,AR,SOUTHEAST,DSNP,D,2,False
2022,H5325,001,KS,CENTRAL,DSNP,D,2220,True
2022,H5325,001,SD,CENTRAL,DSNP,D,1,False
2022,H5325,001,CO,CENTRAL,DSNP,D,1,False
2022,H5325,001,UT,WEST,DSNP,D,1,False
2022,H5325,001,FL,SOUTHEAST,DSNP,D,2,False
2022,H5325,001,CA,WEST,DSNP,D,1,False
2022,H5325,001,IA,CENTRAL,DSNP,D,2,False
2022,H5325,001,MO,CENTRAL,DSNP,D,31,False
2022,H5325,001,TX,CENTRAL,DSNP,D,3,False
2022,H5325,002,MO,CENTRAL,DSNP,D,4,False
2022,H5325,002,MN,CENTRAL,DSNP,D,1,False
2022,H5325,002,AZ,WEST,DSNP,D,1,False
2022,H5325,002,OK,CENTRAL,DSNP,D,1,False
2022,H5325,002,AR,SOUTHEAST,DSNP,D,2,False
2022,H5325,002,IN,CENTRAL,DSNP,D,1,False
2022,H5325,002,IA,CENTRAL,DSNP,D,1,False
2022,H5325,002,KS,CENTRAL,DSNP,D,1269,True
2022,H5325,002,AL,SOUTHEAST,DSNP,D,2,False
2022,H5325,002,FL,SOUTHEAST,DSNP,D,1,False
2022,H5325,002,CO,CENTRAL,DSNP,D,1,False
2022,H5325,002,CA,WEST,DSNP,D,1,False
2022,H5325,002,TX,CENTRAL,DSNP,D,2,False
2022,H5325,003,OH,CENTRAL,DSNP,D,1,False
2022,H5325,003,TX,CENTRAL,DSNP,D,2,False
2022,H5325,003,KS,CENTRAL,DSNP,D,12,False
2022,H5325,003,CA,WEST,DSNP,D,1,False
2022,H5325,003,AR,SOUTHEAST,DSNP,D,1,False
2022,H5325,003,OK,CENTRAL,DSNP,D,1,False
2022,H5325,003,NM,CENTRAL,DSNP,D,1,False
2022,H5325,003,MO,CENTRAL,DSNP,D,1865,True
2022,H5325,003,WA,WEST,DSNP,D,1,False
2022,H5325,003,FL,SOUTHEAST,DSNP,D,2,False
2022,H5325,003,MN,CENTRAL,DSNP,D,3,False
2022,H5325,003,IA,CENTRAL,DSNP,D,2,False
2022,H5325,004,IL,CENTRAL,DSNP,D,3,False
2022,H5325,004,TX,CENTRAL,DSNP,D,1,False
2022,H5325,004,AR,SOUTHEAST,DSNP,D,1,False
2022,H5325,004,CO,CENTRAL,DSNP,D,1,False
2022,H5325,004,AK,WEST,DSNP,D,1,False
2022,H5325,004,WI,CENTRAL,DSNP,D,1,False
2022,H5325,004,MO,CENTRAL,DSNP,D,1058,True
2022,H5325,004,LA,SOUTHEAST,DSNP,D,1,False
2022,H5325,004,CA,WEST,DSNP,D,1,False
2022,H5325,004,OK,CENTRAL,DSNP,D,2,False
2022,H5325,004,NV,WEST,DSNP,D,1,False
2022,H5325,004,KS,CENTRAL,DSNP,D,8,False
2022,H5325,004,HI,WEST,DSNP,D,1,False
2022,H5325,004,MS,SOUTHEAST,DSNP,D,1,False
2022,H5325,004,OH,CENTRAL,DSNP,D,1,False
2022,H5325,005,FL,SOUTHEAST,DSNP,D,4,False
2022,H5325,005,IA,CENTRAL,DSNP,D,1,False
2022,H5325,005,KS,CENTRAL,DSNP,D,2,False
2022,H5325,005,TX,CENTRAL,DSNP,D,6,False
2022,H5325,005,WA,WEST,DSNP,D,1,False
2022,H5325,005,NY,NORTHEAST,DSNP,D,1,False
2022,H5325,005,MS,SOUTHEAST,DSNP,D,1,False
2022,H5325,005,MN,CENTRAL,DSNP,D,1,False
2022,H5325,005,MI,CENTRAL,DSNP,D,1,False
2022,H5325,005,KY,CENTRAL,DSNP,D,1,False
2022,H5325,005,IL,CENTRAL,DSNP,D,11,False
2022,H5325,005,AZ,WEST,DSNP,D,1,False
2022,H5325,005,AR,SOUTHEAST,DSNP,D,2,False
2022,H5325,005,CA,WEST,DSNP,D,1,False
2022,H5325,005,MO,CENTRAL,DSNP,D,3114,True
2022,H5325,005,GA,SOUTHEAST,DSNP,D,2,False
2022,H5325,005,IN,CENTRAL,DSNP,D,2,False
2022,H5325,005,NV,WEST,DSNP,D,1,False
2022,H5325,006,OH,CENTRAL,DSNP,D,1,False
2022,H5325,006,MO,CENTRAL,DSNP,D,796,True
2022,H5325,006,TX,CENTRAL,DSNP,D,1,False
2022,H5325,006,CA,WEST,DSNP,D,1,False
2022,H5325,006,OR,WEST,DSNP,D,2,False
2022,H5325,006,IL,CENTRAL,DSNP,D,3,False
2022,H5325,007,NM,CENTRAL,DSNP,D,1,False
2022,H5325,007,NC,SOUTHEAST,DSNP,D,1,False
2022,H5325,007,KY,CENTRAL,DSNP,D,2,False
2022,H5325,007,MO,CENTRAL,DSNP,D,9,False
2022,H5325,007,NV,WEST,DSNP,D,3,False
2022,H5325,007,WV,NORTHEAST,DSNP,D,2,False
2022,H5325,007,KS,CENTRAL,DSNP,D,3,False
2022,H5325,007,VA,NORTHEAST,DSNP,D,1,False
2022,H5325,007,AK,WEST,DSNP,D,1,False
2022,H5325,007,CA,WEST,DSNP,D,1,False
2022,H5325,007,GA,SOUTHEAST,DSNP,D,1,False
2022,H5325,007,OK,CENTRAL,DSNP,D,11,False
2022,H5325,007,LA,SOUTHEAST,DSNP,D,2,False
2022,H5325,007,MA,NORTHEAST,DSNP,D,1,False
2022,H5325,007,AR,SOUTHEAST,DSNP,D,2360,True
2022,H5325,007,AL,SOUTHEAST,DSNP,D,1,False
2022,H5325,007,MS,SOUTHEAST,DSNP,D,1,False
2022,H5325,007,TX,CENTRAL,DSNP,D,3,False
2022,H5325,007,IN,CENTRAL,DSNP,D,1,False
2022,H5325,007,OH,CENTRAL,DSNP,D,1,False
2022,H5325,007,IA,CENTRAL,DSNP,D,1,False
2022,H5325,007,NY,NORTHEAST,DSNP,D,1,False
2022,H5325,007,IL,CENTRAL,DSNP,D,3,False
2022,H5325,008,IL,CENTRAL,HMO,D,1,False
2022,H5325,008,MO,CENTRAL,HMO,D,404,True
2022,H5325,008,GA,SOUTHEAST,HMO,D,1,False
2022,H5325,008,OH,CENTRAL,HMO,D,1,False
2022,H5325,008,IN,CENTRAL,HMO,D,1,False
2022,H5325,008,MT,WEST,HMO,D,1,False
2022,H5325,008,IA,CENTRAL,HMO,D,1,False
2022,H5325,008,KY,CENTRAL,HMO,D,2,False
2022,H5325,009,GA,SOUTHEAST,DSNP,D,1,False
2022,H5325,009,KS,CENTRAL,DSNP,D,313,True
2022,H5325,009,TX,CENTRAL,DSNP,D,1,False
2022,H5325,009,AZ,WEST,DSNP,D,1,False
2022,H5593,001,NE,CENTRAL,DSNP,D,7,False
2022,H5593,001,CA,WEST,DSNP,D,2,False
2022,H5593,001,IL,CENTRAL,DSNP,D,8,False
2022,H5593,001,MN,CENTRAL,DSNP,D,1,False
2022,H5593,001,MO,CENTRAL,DSNP,D,2,False
2022,H5593,001,CO,CENTRAL,DSNP,D,2,False
2022,H5593,001,NM,CENTRAL,DSNP,D,1,False
2022,H5593,001,AR,SOUTHEAST,DSNP,D,3,False
2022,H5593,001,TX,CENTRAL,DSNP,D,3,False
2022,H5593,001,AZ,WEST,DSNP,D,2,False
2022,H5593,001,IN,CENTRAL,DSNP,D,4,False
2022,H5593,001,LA,SOUTHEAST,DSNP,D,1,False
2022,H5593,001,FL,SOUTHEAST,DSNP,D,1,False
2022,H5593,001,GA,SOUTHEAST,DSNP,D,1,False
2022,H5593,001,IA,CENTRAL,DSNP,D,3727,True
2022,H5593,001,MI,CENTRAL,DSNP,D,1,False
2022,H5593,001,PA,NORTHEAST,DSNP,D,2,False
2022,H5593,001,KS,CENTRAL,DSNP,D,1,False
2022,H5593,001,VA,NORTHEAST,DSNP,D,1,False
2022,H5593,001,SD,CENTRAL,DSNP,D,2,False
2022,H5793,017,NC,SOUTHEAST,DSNP,D,5,False
2022,H5793,017,VA,NORTHEAST,DSNP,D,1,False
2022,H5793,017,OK,CENTRAL,DSNP,D,1,False
2022,H5793,017,PR,PUERTORICO,DSNP,D,1,False
2022,H5793,017,GA,SOUTHEAST,DSNP,D,3,False
2022,H5793,017,SC,SOUTHEAST,DSNP,D,3,False
2022,H5793,017,MO,CENTRAL,DSNP,D,1,False
2022,H5793,017,CT,NORTHEAST,DSNP,D,4481,True
2022,H5793,017,OH,CENTRAL,DSNP,D,1,False
2022,H5793,017,LA,SOUTHEAST,DSNP,D,1,False
2022,H5793,017,TX,CENTRAL,DSNP,D,5,False
2022,H5793,017,FL,SOUTHEAST,DSNP,D,11,False
2022,H5793,017,VT,NORTHEAST,DSNP,D,1,False
2022,H5793,017,MA,NORTHEAST,DSNP,D,3,False
2022,H5793,017,MD,NORTHEAST,DSNP,D,1,False
2022,H5793,017,ME,NORTHEAST,DSNP,D,2,False
2022,H5793,017,NV,WEST,DSNP,D,1,False
2022,H5793,017,DE,NORTHEAST,DSNP,D,1,False
2022,H5793,017,PA,NORTHEAST,DSNP,D,3,False
2022,H5793,017,AZ,WEST,DSNP,D,2,False
2022,H5793,017,TN,SOUTHEAST,DSNP,D,1,False
2022,H6399,001,NJ,Unidentified_MA_Region,DSNP(FIDE),F,36,False
2022,H6399,001,NJ,NORTHEAST,DSNP(FIDE),F,2786,True
2022,H7149,006,MO,CENTRAL,DSNP,D,2,False
2022,H7149,006,WY,WEST,DSNP,D,1,False
2022,H7149,006,KS,CENTRAL,DSNP,D,4,False
2022,H7149,006,MS,SOUTHEAST,DSNP,D,1,False
2022,H7149,006,IA,CENTRAL,DSNP,D,7,False
2022,H7149,006,NE,CENTRAL,DSNP,D,655,True
2022,H7149,006,NH,NORTHEAST,DSNP,D,1,False
2022,H8597,001,DE,NORTHEAST,DSNP,D,1,False
2022,H8597,001,NJ,NORTHEAST,DSNP,D,2,False
2022,H8597,001,IL,CENTRAL,DSNP,D,2,False
2022,H8597,001,WA,WEST,DSNP,D,1,False
2022,H8597,001,TX,CENTRAL,DSNP,D,6381,True
2022,H8597,001,ID,WEST,DSNP,D,2,False
2022,H8597,001,IA,CENTRAL,DSNP,D,1,False
2022,H8597,001,LA,SOUTHEAST,DSNP,D,4,False
2022,H8597,001,MO,CENTRAL,DSNP,D,1,False
2022,H8597,001,GA,SOUTHEAST,DSNP,D,1,False
2022,H8597,001,AK,WEST,DSNP,D,1,False
2022,H8597,001,FL,SOUTHEAST,DSNP,D,3,False
2022,H8597,001,HI,WEST,DSNP,D,1,False
2022,H8597,001,VA,NORTHEAST,DSNP,D,1,False
2022,H8597,001,NY,NORTHEAST,DSNP,D,2,False
2022,H8597,001,CA,WEST,DSNP,D,2,False
2022,H8597,001,TN,SOUTHEAST,DSNP,D,2,False
2022,H8597,001,NM,CENTRAL,DSNP,D,2,False
2022,H8597,001,NE,CENTRAL,DSNP,D,3,False
2022,H8597,001,KY,CENTRAL,DSNP,D,1,False
2022,H8597,001,WV,NORTHEAST,DSNP,D,1,False
2022,H8597,001,NC,SOUTHEAST,DSNP,D,1,False
2022,H8597,001,AZ,WEST,DSNP,D,1,False
2022,H8597,001,CT,NORTHEAST,DSNP,D,1,False
2022,H8597,001,NV,WEST,DSNP,D,1,False
2022,H8597,001,CO,CENTRAL,DSNP,D,4,False
2022,H8597,001,MI,CENTRAL,DSNP,D,1,False
2022,H8597,002,CT,NORTHEAST,DSNP,D,1,False
2022,H8597,002,NC,SOUTHEAST,DSNP,D,2,False
2022,H8597,002,NV,WEST,DSNP,D,1,False
2022,H8597,002,AR,SOUTHEAST,DSNP,D,1,False
2022,H8597,002,NY,NORTHEAST,DSNP,D,1,False
2022,H8597,002,PA,NORTHEAST,DSNP,D,3,False
2022,H8597,002,MO,CENTRAL,DSNP,D,4,False
2022,H8597,002,LA,SOUTHEAST,DSNP,D,5,False
2022,H8597,002,VA,NORTHEAST,DSNP,D,1,False
2022,H8597,002,CA,WEST,DSNP,D,8,False
2022,H8597,002,MS,SOUTHEAST,DSNP,D,1,False
2022,H8597,002,OK,CENTRAL,DSNP,D,2,False
2022,H8597,002,AZ,WEST,DSNP,D,1,False
2022,H8597,002,WI,CENTRAL,DSNP,D,1,False
2022,H8597,002,ID,WEST,DSNP,D,1,False
2022,H8597,002,OH,CENTRAL,DSNP,D,3,False
2022,H8597,002,FL,SOUTHEAST,DSNP,D,5,False
2022,H8597,002,TX,CENTRAL,DSNP,D,3260,True
2022,H8597,002,OR,WEST,DSNP,D,1,False
2022,H8597,002,GA,SOUTHEAST,DSNP,D,1,False
2022,H8597,002,IL,CENTRAL,DSNP,D,5,False
2022,H8597,002,NJ,NORTHEAST,DSNP,D,1,False
2022,H8597,003,OH,CENTRAL,DSNP,D,3,False
2022,H8597,003,WA,WEST,DSNP,D,1,False
2022,H8597,003,CO,CENTRAL,DSNP,D,3,False
2022,H8597,003,CA,WEST,DSNP,D,3,False
2022,H8597,003,KY,CENTRAL,DSNP,D,1,False
2022,H8597,003,IL,CENTRAL,DSNP,D,1,False
2022,H8597,003,MO,CENTRAL,DSNP,D,2,False
2022,H8597,003,AZ,WEST,DSNP,D,1,False
2022,H8597,003,NY,NORTHEAST,DSNP,D,2,False
2022,H8597,003,WI,CENTRAL,DSNP,D,1,False
2022,H8597,003,LA,SOUTHEAST,DSNP,D,8,False
2022,H8597,003,NC,SOUTHEAST,DSNP,D,1,False
2022,H8597,003,MS,SOUTHEAST,DSNP,D,1,False
2022,H8597,003,FL,SOUTHEAST,DSNP,D,2,False
2022,H8597,003,TX,CENTRAL,DSNP,D,3185,True
2022,H8597,003,IN,CENTRAL,DSNP,D,1,False
2023,H0628,012,CA,WEST,DSNP,D,2,False
2023,H0628,012,WV,NORTHEAST,DSNP,D,1,False
2023,H0628,012,KY,CENTRAL,DSNP,D,2012,True
2023,H0628,012,WY,WEST,DSNP,D,1,False
2023,H0628,012,IN,CENTRAL,DSNP,D,1,False
2023,H0628,012,FL,SOUTHEAST,DSNP,D,3,False
2023,H0628,012,WA,WEST,DSNP,D,1,False
2023,H0628,012,OH,CENTRAL,DSNP,D,2,False
2023,H0628,012,TN,SOUTHEAST,DSNP,D,1,False
2023,H0628,012,GA,SOUTHEAST,DSNP,D,1,False
2023,H0628,012,PA,NORTHEAST,DSNP,D,1,False
2023,H0628,013,IN,CENTRAL,DSNP,D,2,False
2023,H0628,013,WV,NORTHEAST,DSNP,D,3,False
2023,H0628,013,NC,SOUTHEAST,DSNP,D,3,False
2023,H0628,013,FL,SOUTHEAST,DSNP,D,5,False
2023,H0628,013,AZ,WEST,DSNP,D,1,False
2023,H0628,013,NV,WEST,DSNP,D,1,False
2023,H0628,013,GA,SOUTHEAST,DSNP,D,2,False
2023,H0628,013,NJ,NORTHEAST,DSNP,D,1,False
2023,H0628,013,UT,WEST,DSNP,D,2,False
2023,H0628,013,TN,SOUTHEAST,DSNP,D,2,False
2023,H0628,013,WI,CENTRAL,DSNP,D,1,False
2023,H0628,013,PA,NORTHEAST,DSNP,D,3,False
2023,H0628,013,MI,CENTRAL,DSNP,D,5,False
2023,H0628,013,SC,SOUTHEAST,DSNP,D,1,False
2023,H0628,013,KY,CENTRAL,DSNP,D,4,False
2023,H0628,013,AR,SOUTHEAST,DSNP,D,1,False
2023,H0628,013,VA,NORTHEAST,DSNP,D,1,False
2023,H0628,013,WA,WEST,DSNP,D,1,False
2023,H0628,013,OH,CENTRAL,DSNP,D,7286,True
2023,H0628,013,OK,CENTRAL,DSNP,D,1,False
2023,H0628,013,TX,CENTRAL,DSNP,D,2,False
2023,H0628,013,NY,NORTHEAST,DSNP,D,2,False
2023,H0628,013,MA,NORTHEAST,DSNP,D,2,False
2023,H0628,013,OR,WEST,DSNP,D,1,False
2023,H1608,062,SD,CENTRAL,DSNP,D,188,True
2023,H1608,062,ND,CENTRAL,DSNP,D,1,False
2023,H1609,017,GA,SOUTHEAST,DSNP,D,1,False
2023,H1609,017,NY,NORTHEAST,DSNP,D,1,False
2023,H1609,017,FL,SOUTHEAST,DSNP,D,720,True
2023,H1609,017,PA,NORTHEAST,DSNP,D,1,False
2023,H1609,019,IL,CENTRAL,DSNP,D,1,False
2023,H1609,019,FL,SOUTHEAST,DSNP,D,262,True
2023,H1609,043,CO,CENTRAL,DSNP,D,1,False
2023,H1609,043,OK,CENTRAL,DSNP,D,1,False
2023,H1609,043,OR,WEST,DSNP,D,1,False
2023,H1609,043,ID,WEST,DSNP,D,1,False
2023,H1609,043,TX,CENTRAL,DSNP,D,16,False
2023,H1609,043,NY,NORTHEAST,DSNP,D,8,False
2023,H1609,043,NV,WEST,DSNP,D,2,False
2023,H1609,043,VA,NORTHEAST,DSNP,D,6,False
2023,H1609,043,IL,CENTRAL,DSNP,D,3,False
2023,H1609,043,MA,NORTHEAST,DSNP,D,3,False
2023,H1609,043,KY,CENTRAL,DSNP,D,2,False
2023,H1609,043,CT,NORTHEAST,DSNP,D,1,False
2023,H1609,043,LA,SOUTHEAST,DSNP,D,2,False
2023,H1609,043,NJ,NORTHEAST,DSNP,D,8,False
2023,H1609,043,OH,CENTRAL,DSNP,D,3,False
2023,H1609,043,IN,CENTRAL,DSNP,D,2,False
2023,H1609,043,CA,WEST,DSNP,D,3,False
2023,H1609,043,DE,NORTHEAST,DSNP,D,2,False
2023,H1609,043,NE,CENTRAL,DSNP,D,1,False
2023,H1609,043,NC,SOUTHEAST,DSNP,D,6,False
2023,H1609,043,KS,CENTRAL,DSNP,D,1,False
2023,H1609,043,TN,SOUTHEAST,DSNP,D,5,False
2023,H1609,043,PA,NORTHEAST,DSNP,D,7,False
2023,H1609,043,MD,NORTHEAST,DSNP,D,3,False
2023,H1609,043,GA,SOUTHEAST,DSNP,D,25,False
2023,H1609,043,FL,SOUTHEAST,DSNP,D,24155,True
2023,H1609,043,MO,CENTRAL,DSNP,D,1,False
2023,H1609,043,SC,SOUTHEAST,DSNP,D,3,False
2023,H1609,044,IN,CENTRAL,DSNP,D,2,False
2023,H1609,044,SC,SOUTHEAST,DSNP,D,2,False
2023,H1609,044,NV,WEST,DSNP,D,1,False
2023,H1609,044,NM,CENTRAL,DSNP,D,1,False
2023,H1609,044,GA,SOUTHEAST,DSNP,D,6,False
2023,H1609,044,NH,NORTHEAST,DSNP,D,1,False
2023,H1609,044,TN,SOUTHEAST,DSNP,D,3,False
2023,H1609,044,AZ,WEST,DSNP,D,1,False
2023,H1609,044,WI,CENTRAL,DSNP,D,1,False
2023,H1609,044,ME,NORTHEAST,DSNP,D,2,False
2023,H1609,044,NC,SOUTHEAST,DSNP,D,2,False
2023,H1609,044,PA,NORTHEAST,DSNP,D,4,False
2023,H1609,044,CT,NORTHEAST,DSNP,D,1,False
2023,H1609,044,MI,CENTRAL,DSNP,D,2,False
2023,H1609,044,AL,SOUTHEAST,DSNP,D,1,False
2023,H1609,044,CA,WEST,DSNP,D,1,False
2023,H1609,044,MD,NORTHEAST,DSNP,D,3,False
2023,H1609,044,MS,SOUTHEAST,DSNP,D,1,False
2023,H1609,044,KY,CENTRAL,DSNP,D,3,False
2023,H1609,044,CO,CENTRAL,DSNP,D,1,False
2023,H1609,044,PR,PUERTORICO,DSNP,D,4,False
2023,H1609,044,OH,CENTRAL,DSNP,D,2,False
2023,H1609,044,NJ,NORTHEAST,DSNP,D,4,False
2023,H1609,044,VA,NORTHEAST,DSNP,D,1,False
2023,H1609,044,NY,NORTHEAST,DSNP,D,6,False
2023,H1609,044,HI,WEST,DSNP,D,1,False
2023,H1609,044,IA,CENTRAL,DSNP,D,3,False
2023,H1609,044,IL,CENTRAL,DSNP,D,1,False
2023,H1609,044,MO,CENTRAL,DSNP,D,2,False
2023,H1609,044,FL,SOUTHEAST,DSNP,D,5747,True
2023,H1609,045,CA,WEST,DSNP,D,2,False
2023,H1609,045,WI,CENTRAL,DSNP,D,1,False
2023,H1609,045,NY,NORTHEAST,DSNP,D,4,False
2023,H1609,045,MI,CENTRAL,DSNP,D,1,False
2023,H1609,045,AL,SOUTHEAST,DSNP,D,2,False
2023,H1609,045,IL,CENTRAL,DSNP,D,1,False
2023,H1609,045,NM,CENTRAL,DSNP,D,1,False
2023,H1609,045,MS,SOUTHEAST,DSNP,D,1,False
2023,H1609,045,VA,NORTHEAST,DSNP,D,2,False
2023,H1609,045,NJ,NORTHEAST,DSNP,D,1,False
2023,H1609,045,LA,SOUTHEAST,DSNP,D,1,False
2023,H1609,045,CO,CENTRAL,DSNP,D,1,False
2023,H1609,045,MA,NORTHEAST,DSNP,D,2,False
2023,H1609,045,FL,SOUTHEAST,DSNP,D,2219,True
2023,H1609,045,MD,NORTHEAST,DSNP,D,1,False
2023,H1609,045,PA,NORTHEAST,DSNP,D,4,False
2023,H1609,045,GA,SOUTHEAST,DSNP,D,1,False
2023,H1609,046,NY,NORTHEAST,DSNP,D,3,False
2023,H1609,046,WA,WEST,DSNP,D,1,False
2023,H1609,046,FL,SOUTHEAST,DSNP,D,3085,True
2023,H1609,046,IN,CENTRAL,DSNP,D,1,False
2023,H1609,046,OK,CENTRAL,DSNP,D,1,False
2023,H1609,046,KY,CENTRAL,DSNP,D,1,False
2023,H1609,046,AZ,WEST,DSNP,D,1,False
2023,H1609,046,OH,CENTRAL,DSNP,D,2,False
2023,H1609,046,MD,NORTHEAST,DSNP,D,1,False
2023,H1609,046,GA,SOUTHEAST,DSNP,D,4,False
2023,H1609,046,IL,CENTRAL,DSNP,D,1,False
2023,H1609,046,VA,NORTHEAST,DSNP,D,1,False
2023,H1609,046,MO,CENTRAL,DSNP,D,1,False
2023,H1609,046,WV,NORTHEAST,DSNP,D,1,False
2023,H1609,046,CO,CENTRAL,DSNP,D,1,False
2023,H1609,046,RI,NORTHEAST,DSNP,D,1,False
2023,H1609,046,CA,WEST,DSNP,D,1,False
2023,H1609,046,NJ,NORTHEAST,DSNP,D,1,False
2023,H1609,046,MA,NORTHEAST,DSNP,D,4,False
2023,H1609,046,NC,SOUTHEAST,DSNP,D,2,False
2023,H1609,046,MI,CENTRAL,DSNP,D,3,False
2023,H1609,046,TX,CENTRAL,DSNP,D,3,False
2023,H1609,046,PA,NORTHEAST,DSNP,D,9,False
2023,H1609,046,PR,PUERTORICO,DSNP,D,1,False
2023,H1609,047,ME,NORTHEAST,DSNP,D,1,False
2023,H1609,047,IL,CENTRAL,DSNP,D,1,False
2023,H1609,047,MA,NORTHEAST,DSNP,D,1,False
2023,H1609,047,PR,PUERTORICO,DSNP,D,1,False
2023,H1609,047,OH,CENTRAL,DSNP,D,4,False
2023,H1609,047,SC,SOUTHEAST,DSNP,D,3,False
2023,H1609,047,WV,NORTHEAST,DSNP,D,1,False
2023,H1609,047,NC,SOUTHEAST,DSNP,D,2,False
2023,H1609,047,PA,NORTHEAST,DSNP,D,4,False
2023,H1609,047,WA,WEST,DSNP,D,1,False
2023,H1609,047,NJ,NORTHEAST,DSNP,D,2,False
2023,H1609,047,FL,SOUTHEAST,DSNP,D,1358,True
2023,H1609,047,GA,SOUTHEAST,DSNP,D,4,False
2023,H1609,047,MI,CENTRAL,DSNP,D,1,False
2023,H1609,047,IN,CENTRAL,DSNP,D,1,False
2023,H1609,048,MO,CENTRAL,DSNP,D,1,False
2023,H1609,048,NY,NORTHEAST,DSNP,D,1,False
2023,H1609,048,GA,SOUTHEAST,DSNP,D,2,False
2023,H1609,048,SC,SOUTHEAST,DSNP,D,2,False
2023,H1609,048,TX,CENTRAL,DSNP,D,4,False
2023,H1609,048,FL,SOUTHEAST,DSNP,D,1939,True
2023,H1609,048,OH,CENTRAL,DSNP,D,1,False
2023,H1609,048,MD,NORTHEAST,DSNP,D,1,False
2023,H1609,048,MN,CENTRAL,DSNP,D,2,False
2023,H1609,048,NC,SOUTHEAST,DSNP,D,1,False
2023,H1609,048,AL,SOUTHEAST,DSNP,D,1,False
2023,H1609,048,PA,NORTHEAST,DSNP,D,1,False
2023,H1609,049,DE,NORTHEAST,DSNP,D,1,False
2023,H1609,049,AZ,WEST,DSNP,D,1,False
2023,H1609,049,VT,NORTHEAST,DSNP,D,1,False
2023,H1609,049,FL,SOUTHEAST,DSNP,D,1198,True
2023,H1609,049,SC,SOUTHEAST,DSNP,D,2,False
2023,H1609,049,CA,WEST,DSNP,D,2,False
2023,H1609,049,NC,SOUTHEAST,DSNP,D,1,False
2023,H1609,049,GA,SOUTHEAST,DSNP,D,2,False
2023,H1609,049,IN,CENTRAL,DSNP,D,1,False
2023,H1609,049,IL,CENTRAL,DSNP,D,2,False
2023,H1609,049,MI,CENTRAL,DSNP,D,1,False
2023,H1609,049,TX,CENTRAL,DSNP,D,1,False
2023,H1609,055,WI,CENTRAL,DSNP,D,1,False
2023,H1609,055,FL,SOUTHEAST,DSNP,D,516,True
2023,H1609,055,OH,CENTRAL,DSNP,D,1,False
2023,H1609,055,CA,WEST,DSNP,D,1,False
2023,H1609,055,MO,CENTRAL,DSNP,D,1,False
2023,H1609,055,MD,NORTHEAST,DSNP,D,1,False
2023,H1609,055,NY,NORTHEAST,DSNP,D,1,False
2023,H1609,055,MA,NORTHEAST,DSNP,D,1,False
2023,H1609,055,TN,SOUTHEAST,DSNP,D,1,False
2023,H1609,055,NC,SOUTHEAST,DSNP,D,1,False
2023,H1609,056,MD,NORTHEAST,DSNP,D,1,False
2023,H1609,056,MN,CENTRAL,DSNP,D,1,False
2023,H1609,056,NV,WEST,DSNP,D,1,False
2023,H1609,056,TX,CENTRAL,DSNP,D,5,False
2023,H1609,056,MI,CENTRAL,DSNP,D,3,False
2023,H1609,056,CT,NORTHEAST,DSNP,D,2,False
2023,H1609,056,SC,SOUTHEAST,DSNP,D,2,False
2023,H1609,056,NJ,NORTHEAST,DSNP,D,2,False
2023,H1609,056,PA,NORTHEAST,DSNP,D,1,False
2023,H1609,056,FL,SOUTHEAST,DSNP,D,2074,True
2023,H1609,056,MT,WEST,DSNP,D,1,False
2023,H1609,056,TN,SOUTHEAST,DSNP,D,1,False
2023,H1609,056,NY,NORTHEAST,DSNP,D,2,False
2023,H1609,056,PR,PUERTORICO,DSNP,D,1,False
2023,H1609,061,GA,SOUTHEAST,DSNP,D,1,False
2023,H1609,061,FL,SOUTHEAST,DSNP,D,172,True
2023,H1609,062,NY,NORTHEAST,DSNP,D,1,False
2023,H1609,062,FL,SOUTHEAST,DSNP,D,97,True
2023,H1610,001,VA,Unidentified_MA_Region,DSNP(FIDE),F,76,False
2023,H1610,001,VA,NORTHEAST,DSNP,D,5,False
2023,H1610,001,VA,NORTHEAST,DSNP(FIDE),F,4097,True
2023,H1610,002,VA,Unidentified_MA_Region,DSNP,D,21,False
2023,H1610,002,VA,NORTHEAST,DSNP,D,1860,True
2023,H1610,003,VA,NORTHEAST,DSNP,D,2456,True
2023,H1610,003,VA,Unidentified_MA_Region,DSNP,D,17,False
2023,H1692,005,KY,CENTRAL,DSNP,D,4,False
2023,H1692,005,NC,SOUTHEAST,DSNP,D,7,False
2023,H1692,005,VA,NORTHEAST,DSNP,D,11,False
2023,H1692,005,MO,CENTRAL,DSNP,D,1,False
2023,H1692,005,MI,CENTRAL,DSNP,D,1,False
2023,H1692,005,SC,SOUTHEAST,DSNP,D,2,False
2023,H1692,005,TX,CENTRAL,DSNP,D,6,False
2023,H1692,005,OK,CENTRAL,DSNP,D,1,False
2023,H1692,005,TN,SOUTHEAST,DSNP,D,1,False
2023,H1692,005,NE,CENTRAL,DSNP,D,1,False
2023,H1692,005,OR,WEST,DSNP,D,1,False
2023,H1692,005,FL,SOUTHEAST,DSNP,D,3,False
2023,H1692,005,IA,CENTRAL,DSNP,D,1,False
2023,H1692,005,PA,NORTHEAST,DSNP,D,9,False
2023,H1692,005,MD,NORTHEAST,DSNP,D,3,False
2023,H1692,005,LA,SOUTHEAST,DSNP,D,1,False
2023,H1692,005,IL,CENTRAL,DSNP,D,1,False
2023,H1692,005,GA,SOUTHEAST,DSNP,D,1,False
2023,H1692,005,WI,CENTRAL,DSNP,D,1,False
2023,H1692,005,NJ,NORTHEAST,DSNP,D,1,False
2023,H1692,005,WV,NORTHEAST,DSNP,D,7134,True
2023,H1692,005,IN,CENTRAL,DSNP,D,2,False
2023,H1692,005,NY,NORTHEAST,DSNP,D,2,False
2023,H1692,005,OH,CENTRAL,DSNP,D,24,False
2023,H2293,002,FL,SOUTHEAST,DSNP,D,5,False
2023,H2293,002,VA,NORTHEAST,DSNP,D,1,False
2023,H2293,002,IL,CENTRAL,DSNP,D,2,False
2023,H2293,002,SC,SOUTHEAST,DSNP,D,1,False
2023,H2293,002,UT,WEST,DSNP,D,1,False
2023,H2293,002,NY,NORTHEAST,DSNP,D,2,False
2023,H2293,002,GA,SOUTHEAST,DSNP,D,1506,True
2023,H2293,002,CT,NORTHEAST,DSNP,D,2,False
2023,H2293,002,WA,WEST,DSNP,D,1,False
2023,H2293,002,PA,NORTHEAST,DSNP,D,1,False
2023,H2293,002,AL,SOUTHEAST,DSNP,D,2,False
2023,H2293,002,DE,NORTHEAST,DSNP,D,1,False
2023,H2293,002,SD,CENTRAL,DSNP,D,1,False
2023,H2293,002,NC,SOUTHEAST,DSNP,D,3,False
2023,H2293,002,NJ,NORTHEAST,DSNP,D,1,False
2023,H2293,002,CA,WEST,DSNP,D,1,False
2023,H2293,003,GA,SOUTHEAST,DSNP,D,1244,True
2023,H2293,003,WA,WEST,DSNP,D,1,False
2023,H2293,003,CT,NORTHEAST,DSNP,D,1,False
2023,H2293,003,FL,SOUTHEAST,DSNP,D,4,False
2023,H2293,003,MA,NORTHEAST,DSNP,D,2,False
2023,H2293,003,IL,CENTRAL,DSNP,D,1,False
2023,H2293,003,TX,CENTRAL,DSNP,D,2,False
2023,H2293,003,AL,SOUTHEAST,DSNP,D,1,False
2023,H2293,003,NC,SOUTHEAST,DSNP,D,2,False
2023,H2293,004,CT,NORTHEAST,DSNP,D,1,False
2023,H2293,004,GA,SOUTHEAST,DSNP,D,394,True
2023,H2293,005,NY,NORTHEAST,DSNP,D,1,False
2023,H2293,005,CA,WEST,DSNP,D,1,False
2023,H2293,005,MN,CENTRAL,DSNP,D,1,False
2023,H2293,005,GA,SOUTHEAST,DSNP,D,468,True
2023,H2293,005,CT,NORTHEAST,DSNP,D,1,False
2023,H2293,005,FL,SOUTHEAST,DSNP,D,2,False
2023,H3146,002,OH,CENTRAL,DSNP,D,1,False
2023,H3146,002,MD,NORTHEAST,DSNP,D,1,False
2023,H3146,002,FL,SOUTHEAST,DSNP,D,3,False
2023,H3146,002,VA,NORTHEAST,DSNP,D,1,False
2023,H3146,002,NC,SOUTHEAST,DSNP,D,976,True
2023,H3146,002,TX,CENTRAL,DSNP,D,1,False
2023,H3146,002,PA,NORTHEAST,DSNP,D,1,False
2023,H3146,003,GA,SOUTHEAST,DSNP,D,1,False
2023,H3146,003,SC,SOUTHEAST,DSNP,D,1,False
2023,H3146,003,NC,SOUTHEAST,DSNP,D,602,True
2023,H3146,003,OH,CENTRAL,DSNP,D,1,False
2023,H3146,003,FL,SOUTHEAST,DSNP,D,1,False
2023,H3146,003,NM,CENTRAL,DSNP,D,1,False
2023,H3146,003,NY,NORTHEAST,DSNP,D,1,False
2023,H3146,008,OH,CENTRAL,DSNP,D,2,False
2023,H3146,008,WV,NORTHEAST,DSNP,D,1,False
2023,H3146,008,MD,NORTHEAST,DSNP,D,1,False
2023,H3146,008,PA,NORTHEAST,DSNP,D,1,False
2023,H3146,008,OK,CENTRAL,DSNP,D,2,False
2023,H3146,008,TN,SOUTHEAST,DSNP,D,1,False
2023,H3146,008,MA,NORTHEAST,DSNP,D,1,False
2023,H3146,008,SC,SOUTHEAST,DSNP,D,1,False
2023,H3146,008,FL,SOUTHEAST,DSNP,D,1,False
2023,H3146,008,NC,SOUTHEAST,DSNP,D,946,True
2023,H3146,009,MN,CENTRAL,DSNP,D,1,False
2023,H3146,009,NY,NORTHEAST,DSNP,D,1,False
2023,H3146,009,NC,SOUTHEAST,DSNP,D,481,True
2023,H3146,009,FL,SOUTHEAST,DSNP,D,1,False
2023,H3146,015,KS,CENTRAL,DSNP,D,1,False
2023,H3146,015,AZ,WEST,DSNP,D,1,False
2023,H3146,015,FL,SOUTHEAST,DSNP,D,1,False
2023,H3146,015,NC,SOUTHEAST,DSNP,D,629,True
2023,H3146,016,SC,SOUTHEAST,DSNP,D,683,True
2023,H3146,016,MA,NORTHEAST,DSNP,D,1,False
2023,H3146,016,NC,SOUTHEAST,DSNP,D,1,False
2023,H3146,016,GA,SOUTHEAST,DSNP,D,1,False
2023,H3146,016,AZ,WEST,DSNP,D,1,False
2023,H3146,017,FL,SOUTHEAST,DSNP,D,2,False
2023,H3146,017,SC,SOUTHEAST,DSNP,D,957,True
2023,H3146,017,NY,NORTHEAST,DSNP,D,1,False
2023,H3146,017,OH,CENTRAL,DSNP,D,1,False
2023,H3146,017,VA,NORTHEAST,DSNP,D,1,False
2023,H3146,017,GA,SOUTHEAST,DSNP,D,1,False
2023,H3146,017,MD,NORTHEAST,DSNP,D,1,False
2023,H3146,017,TX,CENTRAL,DSNP,D,1,False
2023,H3146,017,NC,SOUTHEAST,DSNP,D,4,False
2023,H3192,007,AL,SOUTHEAST,DSNP,D,2,False
2023,H3192,007,OH,CENTRAL,DSNP,D,6,False
2023,H3192,007,IN,CENTRAL,DSNP,D,1,False
2023,H3192,007,NV,WEST,DSNP,D,3,False
2023,H3192,007,SC,SOUTHEAST,DSNP,D,1,False
2023,H3192,007,CO,CENTRAL,DSNP,D,1,False
2023,H3192,007,OK,CENTRAL,DSNP,D,2,False
2023,H3192,007,CA,WEST,DSNP,D,3,False
2023,H3192,007,MO,CENTRAL,DSNP,D,1,False
2023,H3192,007,PA,NORTHEAST,DSNP,D,1,False
2023,H3192,007,HI,WEST,DSNP,D,1,False
2023,H3192,007,IL,CENTRAL,DSNP,D,1,False
2023,H3192,007,LA,SOUTHEAST,DSNP,D,2,False
2023,H3192,007,AZ,WEST,DSNP,D,4,False
2023,H3192,007,WV,NORTHEAST,DSNP,D,2,False
2023,H3192,007,MI,CENTRAL,DSNP,D,8012,True
2023,H3192,007,PR,PUERTORICO,DSNP,D,2,False
2023,H3192,007,VA,NORTHEAST,DSNP,D,1,False
2023,H3192,007,TX,CENTRAL,DSNP,D,4,False
2023,H3192,007,WA,WEST,DSNP,D,1,False
2023,H3192,007,FL,SOUTHEAST,DSNP,D,7,False
2023,H3192,008,IN,CENTRAL,DSNP,D,534,True
2023,H3192,009,IL,CENTRAL,DSNP,D,1,False
2023,H3192,009,IN,CENTRAL,DSNP,D,1376,True
2023,H3192,009,WI,CENTRAL,DSNP,D,1,False
2023,H3239,001,SC,SOUTHEAST,DSNP,D,1,False
2023,H3239,001,AL,SOUTHEAST,DSNP,D,2,False
2023,H3239,001,FL,SOUTHEAST,DSNP,D,1,False
2023,H3239,001,TN,SOUTHEAST,DSNP,D,1,False
2023,H3239,001,TX,CENTRAL,DSNP,D,1,False
2023,H3239,001,LA,SOUTHEAST,DSNP,D,1319,True
2023,H3239,001,NH,NORTHEAST,DSNP,D,1,False
2023,H3239,002,MO,CENTRAL,DSNP,D,2,False
2023,H3239,002,OK,CENTRAL,DSNP,D,1,False
2023,H3239,002,PA,NORTHEAST,DSNP,D,1,False
2023,H3239,002,TN,SOUTHEAST,DSNP,D,1,False
2023,H3239,002,TX,CENTRAL,DSNP,D,2,False
2023,H3239,002,MI,CENTRAL,DSNP,D,1,False
2023,H3239,002,FL,SOUTHEAST,DSNP,D,3,False
2023,H3239,002,MN,CENTRAL,DSNP,D,1,False
2023,H3239,002,GA,SOUTHEAST,DSNP,D,1,False
2023,H3239,002,VA,NORTHEAST,DSNP,D,1,False
2023,H3239,002,NJ,NORTHEAST,DSNP,D,1,False
2023,H3239,002,MS,SOUTHEAST,DSNP,D,3,False
2023,H3239,002,AL,SOUTHEAST,DSNP,D,1960,True
2023,H3239,003,LA,SOUTHEAST,DSNP,D,1,False
2023,H3239,003,FL,SOUTHEAST,DSNP,D,5,False
2023,H3239,003,GA,SOUTHEAST,DSNP,D,4,False
2023,H3239,003,NV,WEST,DSNP,D,1,False
2023,H3239,003,NY,NORTHEAST,DSNP,D,1,False
2023,H3239,003,IL,CENTRAL,DSNP,D,1,False
2023,H3239,003,AL,SOUTHEAST,DSNP,D,1661,True
2023,H3239,003,MS,SOUTHEAST,DSNP,D,3,False
2023,H3239,003,NE,CENTRAL,DSNP,D,1,False
2023,H3239,003,CO,CENTRAL,DSNP,D,1,False
2023,H3239,003,WV,NORTHEAST,DSNP,D,1,False
2023,H3239,003,OH,CENTRAL,DSNP,D,1,False
2023,H3239,005,TX,CENTRAL,DSNP,D,1,False
2023,H3239,005,LA,SOUTHEAST,DSNP,D,2,False
2023,H3239,005,FL,SOUTHEAST,DSNP,D,1,False
2023,H3239,005,AZ,WEST,DSNP,D,1,False
2023,H3239,005,MS,SOUTHEAST,DSNP,D,2536,True
2023,H3239,005,KS,CENTRAL,DSNP,D,1,False
2023,H3239,005,TN,SOUTHEAST,DSNP,D,5,False
2023,H3239,005,AL,SOUTHEAST,DSNP,D,8,False
2023,H3239,005,OK,CENTRAL,DSNP,D,1,False
2023,H3239,005,NM,CENTRAL,DSNP,D,1,False
2023,H3239,005,IL,CENTRAL,DSNP,D,1,False
2023,H3239,006,PA,NORTHEAST,DSNP,D,1,False
2023,H3239,006,OK,CENTRAL,DSNP,D,1,False
2023,H3239,006,LA,SOUTHEAST,DSNP,D,516,True
2023,H3239,006,TX,CENTRAL,DSNP,D,4,False
2023,H3239,007,FL,SOUTHEAST,DSNP,D,1,False
2023,H3239,007,MO,CENTRAL,DSNP,D,1,False
2023,H3239,007,NY,NORTHEAST,DSNP,D,1,False
2023,H3239,007,AR,SOUTHEAST,DSNP,D,2,False
2023,H3239,007,TX,CENTRAL,DSNP,D,2,False
2023,H3239,007,MI,CENTRAL,DSNP,D,1,False
2023,H3239,007,AL,SOUTHEAST,DSNP,D,1,False
2023,H3239,007,TN,SOUTHEAST,DSNP,D,1,False
2023,H3239,007,CA,WEST,DSNP,D,1,False
2023,H3239,007,MT,WEST,DSNP,D,1,False
2023,H3239,007,MS,SOUTHEAST,DSNP,D,1,False
2023,H3239,007,LA,SOUTHEAST,DSNP,D,1731,True
2023,H3239,007,CO,CENTRAL,DSNP,D,1,False
2023,H3239,008,WA,WEST,DSNP,D,1,False
2023,H3239,008,MS,SOUTHEAST,DSNP,D,543,True
2023,H3239,008,TN,SOUTHEAST,DSNP,D,1,False
2023,H3239,008,AL,SOUTHEAST,DSNP,D,1,False
2023,H3239,010,LA,SOUTHEAST,DSNP,D,1,False
2023,H3239,010,TN,SOUTHEAST,DSNP,D,1,False
2023,H3239,010,GA,SOUTHEAST,DSNP,D,1,False
2023,H3239,010,AL,SOUTHEAST,DSNP,D,1913,True
2023,H3239,010,VA,NORTHEAST,DSNP,D,1,False
2023,H3239,010,TX,CENTRAL,DSNP,D,1,False
2023,H3239,010,KY,CENTRAL,DSNP,D,1,False
2023,H3239,011,IN,CENTRAL,DSNP,D,1,False
2023,H3239,011,NJ,NORTHEAST,DSNP,D,1,False
2023,H3239,011,FL,SOUTHEAST,DSNP,D,1,False
2023,H3239,011,VA,NORTHEAST,DSNP,D,1,False
2023,H3239,011,TX,CENTRAL,DSNP,D,3,False
2023,H3239,011,CO,CENTRAL,DSNP,D,1,False
2023,H3239,011,MS,SOUTHEAST,DSNP,D,1,False
2023,H3239,011,CT,NORTHEAST,DSNP,D,1,False
2023,H3239,011,CA,WEST,DSNP,D,2,False
2023,H3239,011,AL,SOUTHEAST,DSNP,D,3,False
2023,H3239,011,MI,CENTRAL,DSNP,D,1,False
2023,H3239,011,LA,SOUTHEAST,DSNP,D,3544,True
2023,H3239,012,MS,SOUTHEAST,DSNP,D,1539,True
2023,H3239,012,IA,CENTRAL,DSNP,D,1,False
2023,H3239,012,TN,SOUTHEAST,DSNP,D,2,False
2023,H3239,012,AR,SOUTHEAST,DSNP,D,1,False
2023,H3239,012,AL,SOUTHEAST,DSNP,D,1,False
2023,H3239,012,GA,SOUTHEAST,DSNP,D,1,False
2023,H3239,013,FL,SOUTHEAST,DSNP,D,1,False
2023,H3239,013,LA,SOUTHEAST,DSNP,D,865,True
2023,H3239,013,MS,SOUTHEAST,DSNP,D,1,False
2023,H3239,013,TX,CENTRAL,DSNP,D,4,False
2023,H3312,069,DE,NORTHEAST,DSNP,D,1,False
2023,H3312,069,MN,CENTRAL,DSNP,D,1,False
2023,H3312,069,NC,SOUTHEAST,DSNP,D,12,False
2023,H3312,069,MD,NORTHEAST,DSNP,D,3,False
2023,H3312,069,GA,SOUTHEAST,DSNP,D,4,False
2023,H3312,069,PA,NORTHEAST,DSNP,D,5,False
2023,H3312,069,CT,NORTHEAST,DSNP,D,8,False
2023,H3312,069,VA,NORTHEAST,DSNP,D,4,False
2023,H3312,069,NJ,NORTHEAST,DSNP,D,14,False
2023,H3312,069,RI,NORTHEAST,DSNP,D,1,False
2023,H3312,069,TX,CENTRAL,DSNP,D,3,False
2023,H3312,069,IA,CENTRAL,DSNP,D,1,False
2023,H3312,069,NV,WEST,DSNP,D,2,False
2023,H3312,069,MA,NORTHEAST,DSNP,D,1,False
2023,H3312,069,IL,CENTRAL,DSNP,D,1,False
2023,H3312,069,NY,NORTHEAST,DSNP,D,11276,True
2023,H3312,069,SC,SOUTHEAST,DSNP,D,4,False
2023,H3312,069,CA,WEST,DSNP,D,1,False
2023,H3312,069,AZ,WEST,DSNP,D,1,False
2023,H3312,069,FL,SOUTHEAST,DSNP,D,23,False
2023,H3312,069,CO,CENTRAL,DSNP,D,1,False
2023,H3312,069,PR,PUERTORICO,DSNP,D,1,False
2023,H3312,069,KS,CENTRAL,DSNP,D,1,False
2023,H3312,070,NE,CENTRAL,DSNP,D,1,False
2023,H3312,070,KY,CENTRAL,DSNP,D,1,False
2023,H3312,070,NY,NORTHEAST,DSNP,D,6030,True
2023,H3312,070,CA,WEST,DSNP,D,1,False
2023,H3312,070,OH,CENTRAL,DSNP,D,2,False
2023,H3312,070,NC,SOUTHEAST,DSNP,D,2,False
2023,H3312,070,FL,SOUTHEAST,DSNP,D,8,False
2023,H3312,070,TX,CENTRAL,DSNP,D,1,False
2023,H3312,070,MT,WEST,DSNP,D,1,False
2023,H3312,070,NJ,NORTHEAST,DSNP,D,2,False
2023,H3312,070,TN,SOUTHEAST,DSNP,D,2,False
2023,H3312,070,VA,NORTHEAST,DSNP,D,2,False
2023,H3312,070,SC,SOUTHEAST,DSNP,D,2,False
2023,H3312,070,PA,NORTHEAST,DSNP,D,5,False
2023,H3597,011,MA,NORTHEAST,DSNP,D,1,False
2023,H3597,011,NH,NORTHEAST,DSNP,D,1,False
2023,H3597,011,NY,NORTHEAST,DSNP,D,1,False
2023,H3597,011,FL,SOUTHEAST,DSNP,D,1,False
2023,H3597,011,ME,NORTHEAST,DSNP,D,842,True
2023,H3959,035,CO,CENTRAL,DSNP,D,1,False
2023,H3959,035,MA,NORTHEAST,DSNP,D,3,False
2023,H3959,035,PA,NORTHEAST,DSNP,D,11912,True
2023,H3959,035,GA,SOUTHEAST,DSNP,D,9,False
2023,H3959,035,AZ,WEST,DSNP,D,2,False
2023,H3959,035,IL,CENTRAL,DSNP,D,2,False
2023,H3959,035,TN,SOUTHEAST,DSNP,D,1,False
2023,H3959,035,DE,NORTHEAST,DSNP,D,6,False
2023,H3959,035,DC,NORTHEAST,DSNP,D,1,False
2023,H3959,035,WV,NORTHEAST,DSNP,D,2,False
2023,H3959,035,AL,SOUTHEAST,DSNP,D,1,False
2023,H3959,035,OH,CENTRAL,DSNP,D,2,False
2023,H3959,035,NJ,NORTHEAST,DSNP,D,13,False
2023,H3959,035,MO,CENTRAL,DSNP,D,1,False
2023,H3959,035,IA,CENTRAL,DSNP,D,2,False
2023,H3959,035,VA,NORTHEAST,DSNP,D,7,False
2023,H3959,035,FL,SOUTHEAST,DSNP,D,12,False
2023,H3959,035,SC,SOUTHEAST,DSNP,D,1,False
2023,H3959,035,MD,NORTHEAST,DSNP,D,2,False
2023,H3959,035,TX,CENTRAL,DSNP,D,3,False
2023,H3959,035,KY,CENTRAL,DSNP,D,1,False
2023,H3959,035,NC,SOUTHEAST,DSNP,D,2,False
2023,H3959,035,CA,WEST,DSNP,D,6,False
2023,H3959,035,CT,NORTHEAST,DSNP,D,1,False
2023,H3959,035,PR,PUERTORICO,DSNP,D,4,False
2023,H3959,035,WA,WEST,DSNP,D,1,False
2023,H3959,035,NY,NORTHEAST,DSNP,D,9,False
2023,H3959,035,NV,WEST,DSNP,D,2,False
2023,H3959,036,NJ,NORTHEAST,DSNP,D,8,False
2023,H3959,036,AK,WEST,DSNP,D,1,False
2023,H3959,036,MA,NORTHEAST,DSNP,D,3,False
2023,H3959,036,IA,CENTRAL,DSNP,D,1,False
2023,H3959,036,VA,NORTHEAST,DSNP,D,7,False
2023,H3959,036,TN,SOUTHEAST,DSNP,D,1,False
2023,H3959,036,KS,CENTRAL,DSNP,D,2,False
2023,H3959,036,KY,CENTRAL,DSNP,D,2,False
2023,H3959,036,IL,CENTRAL,DSNP,D,1,False
2023,H3959,036,MS,SOUTHEAST,DSNP,D,2,False
2023,H3959,036,PA,NORTHEAST,DSNP,D,15077,True
2023,H3959,036,AZ,WEST,DSNP,D,5,False
2023,H3959,036,FL,SOUTHEAST,DSNP,D,21,False
2023,H3959,036,VT,NORTHEAST,DSNP,D,1,False
2023,H3959,036,OK,CENTRAL,DSNP,D,1,False
2023,H3959,036,AL,SOUTHEAST,DSNP,D,3,False
2023,H3959,036,MD,NORTHEAST,DSNP,D,5,False
2023,H3959,036,NH,NORTHEAST,DSNP,D,1,False
2023,H3959,036,WV,NORTHEAST,DSNP,D,12,False
2023,H3959,036,OH,CENTRAL,DSNP,D,12,False
2023,H3959,036,HI,WEST,DSNP,D,1,False
2023,H3959,036,SC,SOUTHEAST,DSNP,D,2,False
2023,H3959,036,TX,CENTRAL,DSNP,D,2,False
2023,H3959,036,CO,CENTRAL,DSNP,D,3,False
2023,H3959,036,CA,WEST,DSNP,D,2,False
2023,H3959,036,ME,NORTHEAST,DSNP,D,2,False
2023,H3959,036,DE,NORTHEAST,DSNP,D,1,False
2023,H3959,036,PR,PUERTORICO,DSNP,D,3,False
2023,H3959,036,NV,WEST,DSNP,D,4,False
2023,H3959,036,CT,NORTHEAST,DSNP,D,1,False
2023,H3959,036,NC,SOUTHEAST,DSNP,D,11,False
2023,H3959,036,GA,SOUTHEAST,DSNP,D,8,False
2023,H3959,036,MI,CENTRAL,DSNP,D,3,False
2023,H3959,036,LA,SOUTHEAST,DSNP,D,2,False
2023,H3959,036,NY,NORTHEAST,DSNP,D,9,False
2023,H3959,063,MD,NORTHEAST,DSNP,D,6,False
2023,H3959,063,OH,CENTRAL,DSNP,D,1,False
2023,H3959,063,VA,NORTHEAST,DSNP,D,1,False
2023,H3959,063,TN,SOUTHEAST,DSNP,D,1,False
2023,H3959,063,OK,CENTRAL,DSNP,D,1,False
2023,H3959,063,NC,SOUTHEAST,DSNP,D,3,False
2023,H3959,063,GA,SOUTHEAST,DSNP,D,1,False
2023,H3959,063,DE,NORTHEAST,DSNP,D,1214,True
2023,H3959,063,NJ,NORTHEAST,DSNP,D,1,False
2023,H3959,063,FL,SOUTHEAST,DSNP,D,1,False
2023,H3959,063,SC,SOUTHEAST,DSNP,D,1,False
2023,H3959,063,PA,NORTHEAST,DSNP,D,4,False
2023,H3959,066,PA,NORTHEAST,ISNP,I,644,True
2023,H4711,011,MT,WEST,DSNP,D,2,False
2023,H4711,011,ID,WEST,DSNP,D,2,False
2023,H4711,011,VA,NORTHEAST,DSNP,D,1,False
2023,H4711,011,OH,CENTRAL,DSNP,D,4,False
2023,H4711,011,PA,NORTHEAST,DSNP,D,1,False
2023,H4711,011,WA,WEST,DSNP,D,2,False
2023,H4711,011,WI,CENTRAL,DSNP,D,2,False
2023,H4711,011,MI,CENTRAL,DSNP,D,2,False
2023,H4711,011,NV,WEST,DSNP,D,1755,True
2023,H4711,011,CA,WEST,DSNP,D,16,False
2023,H4711,011,AZ,WEST,DSNP,D,3,False
2023,H4711,011,FL,SOUTHEAST,DSNP,D,5,False
2023,H4711,011,NY,NORTHEAST,DSNP,D,3,False
2023,H4711,011,NJ,NORTHEAST,DSNP,D,1,False
2023,H4711,011,UT,WEST,DSNP,D,2,False
2023,H4711,011,NM,CENTRAL,DSNP,D,1,False
2023,H4711,011,LA,SOUTHEAST,DSNP,D,1,False
2023,H4711,011,TX,CENTRAL,DSNP,D,1,False
2023,H4711,012,MA,NORTHEAST,DSNP,D,1,False
2023,H4711,012,NM,CENTRAL,DSNP,D,2,False
2023,H4711,012,NY,NORTHEAST,DSNP,D,2,False
2023,H4711,012,NC,SOUTHEAST,DSNP,D,2,False
2023,H4711,012,UT,WEST,DSNP,D,1,False
2023,H4711,012,TX,CENTRAL,DSNP,D,6,False
2023,H4711,012,MS,SOUTHEAST,DSNP,D,1,False
2023,H4711,012,CA,WEST,DSNP,D,2,False
2023,H4711,012,GA,SOUTHEAST,DSNP,D,1,False
2023,H4711,012,KS,CENTRAL,DSNP,D,1,False
2023,H4711,012,MI,CENTRAL,DSNP,D,1,False
2023,H4711,012,WY,WEST,DSNP,D,2,False
2023,H4711,012,NV,WEST,DSNP,D,4,False
2023,H4711,012,TN,SOUTHEAST,DSNP,D,1,False
2023,H4711,012,SD,CENTRAL,DSNP,D,1,False
2023,H4711,012,CO,CENTRAL,DSNP,D,2687,True
2023,H4711,012,AZ,WEST,DSNP,D,2,False
2023,H4711,012,FL,SOUTHEAST,DSNP,D,1,False
2023,H4711,012,NJ,NORTHEAST,DSNP,D,1,False
2023,H4711,012,IN,CENTRAL,DSNP,D,1,False
2023,H4711,012,PR,PUERTORICO,DSNP,D,1,False
2023,H4711,012,WA,WEST,DSNP,D,1,False
2023,H4711,012,NE,CENTRAL,DSNP,D,2,False
2023,H4711,012,MO,CENTRAL,DSNP,D,5,False
2023,H4711,012,OK,CENTRAL,DSNP,D,3,False
2023,H4711,013,FL,SOUTHEAST,DSNP,D,1,False
2023,H4711,013,NV,WEST,DSNP,D,1272,True
2023,H4711,013,NY,NORTHEAST,DSNP,D,1,False
2023,H4711,013,TX,CENTRAL,DSNP,D,3,False
2023,H4711,013,OR,WEST,DSNP,D,3,False
2023,H4711,013,GA,SOUTHEAST,DSNP,D,3,False
2023,H4711,013,AZ,WEST,DSNP,D,3,False
2023,H4711,013,OH,CENTRAL,DSNP,D,2,False
2023,H4711,013,CA,WEST,DSNP,D,7,False
2023,H4711,013,VA,NORTHEAST,DSNP,D,1,False
2023,H4711,013,AL,SOUTHEAST,DSNP,D,1,False
2023,H4711,013,PA,NORTHEAST,DSNP,D,2,False
2023,H4711,013,WA,WEST,DSNP,D,2,False
2023,H4711,013,ID,WEST,DSNP,D,1,False
2023,H4711,013,LA,SOUTHEAST,DSNP,D,1,False
2023,H4982,008,PA,NORTHEAST,DSNP,D,1,False
2023,H4982,008,MA,NORTHEAST,DSNP,D,1,False
2023,H4982,008,LA,SOUTHEAST,DSNP,D,1,False
2023,H4982,008,NV,WEST,DSNP,D,2,False
2023,H4982,008,CA,WEST,DSNP,D,1399,True
2023,H4982,009,MO,CENTRAL,DSNP,D,1,False
2023,H4982,009,VA,NORTHEAST,DSNP,D,1,False
2023,H4982,009,CA,WEST,DSNP,D,643,True
2023,H4982,009,TX,CENTRAL,DSNP,D,2,False
2023,H4982,009,OH,CENTRAL,DSNP,D,1,False
2023,H4982,016,AZ,WEST,DSNP,D,2,False
2023,H4982,016,PA,NORTHEAST,DSNP,D,1,False
2023,H4982,016,CO,CENTRAL,DSNP,D,1,False
2023,H4982,016,NC,SOUTHEAST,DSNP,D,1,False
2023,H4982,016,NV,WEST,DSNP,D,1,False
2023,H4982,016,OR,WEST,DSNP,D,3,False
2023,H4982,016,CA,WEST,DSNP,D,1390,True
2023,H4982,016,TX,CENTRAL,DSNP,D,2,False
2023,H4982,016,OK,CENTRAL,DSNP,D,1,False
2023,H5302,012,TN,SOUTHEAST,DSNP,D,1,False
2023,H5302,012,IN,CENTRAL,DSNP,D,1,False
2023,H5302,012,NC,SOUTHEAST,DSNP,D,2,False
2023,H5302,012,LA,SOUTHEAST,DSNP,D,1,False
2023,H5302,012,NY,NORTHEAST,DSNP,D,1,False
2023,H5302,012,KY,CENTRAL,DSNP,D,1,False
2023,H5302,012,MO,CENTRAL,DSNP,D,2,False
2023,H5302,012,PR,PUERTORICO,DSNP,D,1,False
2023,H5302,012,FL,SOUTHEAST,DSNP,D,3,False
2023,H5302,012,NV,WEST,DSNP,D,1,False
2023,H5302,012,MA,NORTHEAST,DSNP,D,1,False
2023,H5302,012,NJ,NORTHEAST,DSNP,D,1,False
2023,H5302,012,AL,SOUTHEAST,DSNP,D,2,False
2023,H5302,012,GA,SOUTHEAST,DSNP,D,1662,True
2023,H5302,012,TX,CENTRAL,DSNP,D,2,False
2023,H5302,012,PA,NORTHEAST,DSNP,D,1,False
2023,H5302,013,RI,NORTHEAST,DSNP,D,1,False
2023,H5302,013,FL,SOUTHEAST,DSNP,D,6,False
2023,H5302,013,VA,NORTHEAST,DSNP,D,1,False
2023,H5302,013,NY,NORTHEAST,DSNP,D,1,False
2023,H5302,013,CA,WEST,DSNP,D,1,False
2023,H5302,013,TX,CENTRAL,DSNP,D,3,False
2023,H5302,013,SC,SOUTHEAST,DSNP,D,1,False
2023,H5302,013,GA,SOUTHEAST,DSNP,D,2169,True
2023,H5302,013,AL,SOUTHEAST,DSNP,D,4,False
2023,H5302,013,CT,NORTHEAST,DSNP,D,1,False
2023,H5302,013,TN,SOUTHEAST,DSNP,D,1,False
2023,H5302,013,SD,CENTRAL,DSNP,D,1,False
2023,H5302,014,MO,CENTRAL,DSNP,D,1,False
2023,H5302,014,NC,SOUTHEAST,DSNP,D,1,False
2023,H5302,014,FL,SOUTHEAST,DSNP,D,1,False
2023,H5302,014,IA,CENTRAL,DSNP,D,1,False
2023,H5302,014,ME,NORTHEAST,DSNP,D,1,False
2023,H5302,014,SC,SOUTHEAST,DSNP,D,1,False
2023,H5302,014,GA,SOUTHEAST,DSNP,D,512,True
2023,H5302,020,GA,SOUTHEAST,DSNP,D,1210,True
2023,H5302,020,AL,SOUTHEAST,DSNP,D,2,False
2023,H5302,020,NC,SOUTHEAST,DSNP,D,1,False
2023,H5302,020,TN,SOUTHEAST,DSNP,D,1,False
2023,H5302,020,NY,NORTHEAST,DSNP,D,1,False
2023,H5325,001,NH,NORTHEAST,DSNP,D,1,False
2023,H5325,001,NY,NORTHEAST,DSNP,D,2,False
2023,H5325,001,SD,CENTRAL,DSNP,D,1,False
2023,H5325,001,CA,WEST,DSNP,D,1,False
2023,H5325,001,AL,SOUTHEAST,DSNP,D,1,False
2023,H5325,001,KS,CENTRAL,DSNP,D,2607,True
2023,H5325,001,AR,SOUTHEAST,DSNP,D,2,False
2023,H5325,001,TN,SOUTHEAST,DSNP,D,1,False
2023,H5325,001,CO,CENTRAL,DSNP,D,1,False
2023,H5325,001,OK,CENTRAL,DSNP,D,3,False
2023,H5325,001,IA,CENTRAL,DSNP,D,1,False
2023,H5325,001,MO,CENTRAL,DSNP,D,12,False
2023,H5325,002,MO,CENTRAL,DSNP,D,3,False
2023,H5325,002,CO,CENTRAL,DSNP,D,1,False
2023,H5325,002,WY,WEST,DSNP,D,1,False
2023,H5325,002,IA,CENTRAL,DSNP,D,1,False
2023,H5325,002,IN,CENTRAL,DSNP,D,1,False
2023,H5325,002,KS,CENTRAL,DSNP,D,1470,True
2023,H5325,002,FL,SOUTHEAST,DSNP,D,1,False
2023,H5325,002,CA,WEST,DSNP,D,1,False
2023,H5325,002,OK,CENTRAL,DSNP,D,6,False
2023,H5325,003,AZ,WEST,DSNP,D,1,False
2023,H5325,003,MO,CENTRAL,DSNP,D,1003,True
2023,H5325,003,TX,CENTRAL,DSNP,D,1,False
2023,H5325,003,AR,SOUTHEAST,DSNP,D,1,False
2023,H5325,003,KS,CENTRAL,DSNP,D,2,False
2023,H5325,003,AL,SOUTHEAST,DSNP,D,1,False
2023,H5325,003,IA,CENTRAL,DSNP,D,2,False
2023,H5325,004,KS,CENTRAL,DSNP,D,2,False
2023,H5325,004,IL,CENTRAL,DSNP,D,1,False
2023,H5325,004,KY,CENTRAL,DSNP,D,1,False
2023,H5325,004,MS,SOUTHEAST,DSNP,D,1,False
2023,H5325,004,MO,CENTRAL,DSNP,D,546,True
2023,H5325,004,CA,WEST,DSNP,D,1,False
2023,H5325,005,NC,SOUTHEAST,DSNP,D,1,False
2023,H5325,005,MO,CENTRAL,DSNP,D,1149,True
2023,H5325,005,MI,CENTRAL,DSNP,D,2,False
2023,H5325,005,IL,CENTRAL,DSNP,D,1,False
2023,H5325,005,AZ,WEST,DSNP,D,2,False
2023,H5325,006,PA,NORTHEAST,DSNP,D,1,False
2023,H5325,006,KS,CENTRAL,DSNP,D,1,False
2023,H5325,006,CA,WEST,DSNP,D,1,False
2023,H5325,006,IL,CENTRAL,DSNP,D,2,False
2023,H5325,006,MS,SOUTHEAST,DSNP,D,1,False
2023,H5325,006,MO,CENTRAL,DSNP,D,668,True
2023,H5325,006,VA,NORTHEAST,DSNP,D,2,False
2023,H5325,007,TX,CENTRAL,DSNP,D,3,False
2023,H5325,007,AR,SOUTHEAST,DSNP,D,1603,True
2023,H5325,007,WY,WEST,DSNP,D,1,False
2023,H5325,007,AZ,WEST,DSNP,D,1,False
2023,H5325,007,AL,SOUTHEAST,DSNP,D,1,False
2023,H5325,007,MO,CENTRAL,DSNP,D,1,False
2023,H5325,007,OH,CENTRAL,DSNP,D,1,False
2023,H5325,007,IA,CENTRAL,DSNP,D,1,False
2023,H5325,007,CA,WEST,DSNP,D,2,False
2023,H5325,007,MN,CENTRAL,DSNP,D,1,False
2023,H5325,007,OK,CENTRAL,DSNP,D,1,False
2023,H5325,007,MS,SOUTHEAST,DSNP,D,1,False
2023,H5325,007,NV,WEST,DSNP,D,1,False
2023,H5325,009,KS,CENTRAL,DSNP,D,185,True
2023,H5593,001,NE,CENTRAL,DSNP,D,3,False
2023,H5593,001,MN,CENTRAL,DSNP,D,2,False
2023,H5593,001,MO,CENTRAL,DSNP,D,2,False
2023,H5593,001,OH,CENTRAL,DSNP,D,1,False
2023,H5593,001,IA,CENTRAL,DSNP,D,1712,True
2023,H5593,001,AZ,WEST,DSNP,D,1,False
2023,H5593,001,CA,WEST,DSNP,D,2,False
2023,H5593,001,NY,NORTHEAST,DSNP,D,1,False
2023,H5593,001,RI,NORTHEAST,DSNP,D,1,False
2023,H5593,001,IL,CENTRAL,DSNP,D,6,False
2023,H5593,001,MI,CENTRAL,DSNP,D,2,False
2023,H5793,017,RI,NORTHEAST,DSNP,D,1,False
2023,H5793,017,PA,NORTHEAST,DSNP,D,1,False
2023,H5793,017,VA,NORTHEAST,DSNP,D,5,False
2023,H5793,017,NY,NORTHEAST,DSNP,D,6,False
2023,H5793,017,CT,NORTHEAST,DSNP,D,6426,True
2023,H5793,017,AK,WEST,DSNP,D,1,False
2023,H5793,017,MD,NORTHEAST,DSNP,D,1,False
2023,H5793,017,GA,SOUTHEAST,DSNP,D,1,False
2023,H5793,017,NC,SOUTHEAST,DSNP,D,1,False
2023,H5793,017,MA,NORTHEAST,DSNP,D,2,False
2023,H5793,017,FL,SOUTHEAST,DSNP,D,3,False
2023,H5793,017,SC,SOUTHEAST,DSNP,D,1,False
2023,H6399,001,NJ,NORTHEAST,DSNP(FIDE),F,4999,True
2023,H6399,001,NJ,Unidentified_MA_Region,DSNP(FIDE),F,72,False
2023,H7149,006,IL,CENTRAL,DSNP,D,2,False
2023,H7149,006,IA,CENTRAL,DSNP,D,5,False
2023,H7149,006,MO,CENTRAL,DSNP,D,2,False
2023,H7149,006,TX,CENTRAL,DSNP,D,1,False
2023,H7149,006,NE,CENTRAL,DSNP,D,1036,True
2023,H7149,006,SD,CENTRAL,DSNP,D,1,False
2023,H7149,006,OK,CENTRAL,DSNP,D,1,False
2023,H8597,001,MI,CENTRAL,DSNP,D,1,False
2023,H8597,001,NC,SOUTHEAST,DSNP,D,1,False
2023,H8597,001,AR,SOUTHEAST,DSNP,D,2,False
2023,H8597,001,VA,NORTHEAST,DSNP,D,1,False
2023,H8597,001,TX,CENTRAL,DSNP,D,5385,True
2023,H8597,001,MN,CENTRAL,DSNP,D,1,False
2023,H8597,001,LA,SOUTHEAST,DSNP,D,3,False
2023,H8597,001,MO,CENTRAL,DSNP,D,1,False
2023,H8597,001,HI,WEST,DSNP,D,1,False
2023,H8597,001,WI,CENTRAL,DSNP,D,2,False
2023,H8597,001,KY,CENTRAL,DSNP,D,3,False
2023,H8597,001,MA,NORTHEAST,DSNP,D,1,False
2023,H8597,001,OK,CENTRAL,DSNP,D,1,False
2023,H8597,001,CA,WEST,DSNP,D,1,False
2023,H8597,001,MS,SOUTHEAST,DSNP,D,1,False
2023,H8597,002,NJ,NORTHEAST,DSNP,D,1,False
2023,H8597,002,CA,WEST,DSNP,D,3,False
2023,H8597,002,FL,SOUTHEAST,DSNP,D,1,False
2023,H8597,002,MI,CENTRAL,DSNP,D,1,False
2023,H8597,002,PA,NORTHEAST,DSNP,D,2,False
2023,H8597,002,MN,CENTRAL,DSNP,D,1,False
2023,H8597,002,TX,CENTRAL,DSNP,D,2140,True
2023,H8597,002,AR,SOUTHEAST,DSNP,D,1,False
2023,H8597,002,OH,CENTRAL,DSNP,D,1,False
2023,H8597,002,AZ,WEST,DSNP,D,1,False
2023,H8597,002,AL,SOUTHEAST,DSNP,D,1,False
2023,H8597,002,AK,WEST,DSNP,D,1,False
2023,H8597,002,OK,CENTRAL,DSNP,D,1,False
2023,H8597,002,HI,WEST,DSNP,D,1,False
2023,H8597,002,KS,CENTRAL,DSNP,D,1,False
2023,H8597,002,LA,SOUTHEAST,DSNP,D,1,False
2023,H8597,002,NY,NORTHEAST,DSNP,D,2,False
2023,H8597,003,OH,CENTRAL,DSNP,D,2,False
2023,H8597,003,AZ,WEST,DSNP,D,1,False
2023,H8597,003,CA,WEST,DSNP,D,1,False
2023,H8597,003,MA,NORTHEAST,DSNP,D,1,False
2023,H8597,003,OK,CENTRAL,DSNP,D,2,False
2023,H8597,003,TX,CENTRAL,DSNP,D,1998,True
2023,H8597,003,CO,CENTRAL,DSNP,D,1,False
2023,H8597,003,LA,SOUTHEAST,DSNP,D,2,False
2023,H8597,003,FL,SOUTHEAST,DSNP,D,1,False
2023,H8597,003,MO,CENTRAL,DSNP,D,1,False
2023,H8649,010,WY,WEST,DSNP,D,1,False
2023,H8649,010,CA,WEST,DSNP,D,1,False
2023,H8649,010,HI,WEST,DSNP,D,1,False
2023,H8649,010,ID,WEST,DSNP,D,1,False
2023,H8649,010,OR,WEST,DSNP,D,1,False
2023,H8649,010,MT,WEST,DSNP,D,1,False
2023,H8649,010,CO,CENTRAL,DSNP,D,1,False
2023,H8649,010,UT,WEST,DSNP,D,292,True
2024,H0628,012,OK,CENTRAL,DSNP,D,2,False
2024,H0628,012,IN,CENTRAL,DSNP,D,9,False
2024,H0628,012,MI,CENTRAL,DSNP,D,2,False
2024,H0628,012,FL,SOUTHEAST,DSNP,D,5,False
2024,H0628,012,AR,SOUTHEAST,DSNP,D,1,False
2024,H0628,012,WV,NORTHEAST,DSNP,D,3,False
2024,H0628,012,AL,SOUTHEAST,DSNP,D,2,False
2024,H0628,012,CO,CENTRAL,DSNP,D,1,False
2024,H0628,012,LA,SOUTHEAST,DSNP,D,1,False
2024,H0628,012,WI,CENTRAL,DSNP,D,1,False
2024,H0628,012,GA,SOUTHEAST,DSNP,D,3,False
2024,H0628,012,KY,CENTRAL,DSNP,D,10102,True
2024,H0628,012,IL,CENTRAL,DSNP,D,3,False
2024,H0628,012,NY,NORTHEAST,DSNP,D,1,False
2024,H0628,012,SC,SOUTHEAST,DSNP,D,3,False
2024,H0628,012,TX,CENTRAL,DSNP,D,2,False
2024,H0628,012,OH,CENTRAL,DSNP,D,9,False
2024,H0628,012,TN,SOUTHEAST,DSNP,D,2,False
2024,H0628,012,AZ,WEST,DSNP,D,2,False
2024,H0628,013,OR,WEST,DSNP,D,1,False
2024,H0628,013,VA,NORTHEAST,DSNP,D,1,False
2024,H0628,013,PA,NORTHEAST,DSNP,D,5,False
2024,H0628,013,AL,SOUTHEAST,DSNP,D,4,False
2024,H0628,013,NC,SOUTHEAST,DSNP,D,6,False
2024,H0628,013,AR,SOUTHEAST,DSNP,D,3,False
2024,H0628,013,IA,CENTRAL,DSNP,D,1,False
2024,H0628,013,OH,CENTRAL,DSNP,D,28082,True
2024,H0628,013,MN,CENTRAL,DSNP,D,1,False
2024,H0628,013,MA,NORTHEAST,DSNP,D,1,False
2024,H0628,013,SD,CENTRAL,DSNP,D,1,False
2024,H0628,013,TX,CENTRAL,DSNP,D,15,False
2024,H0628,013,NM,CENTRAL,DSNP,D,1,False
2024,H0628,013,WI,CENTRAL,DSNP,D,4,False
2024,H0628,013,IL,CENTRAL,DSNP,D,1,False
2024,H0628,013,MI,CENTRAL,DSNP,D,10,False
2024,H0628,013,NY,NORTHEAST,DSNP,D,2,False
2024,H0628,013,CO,CENTRAL,DSNP,D,1,False
2024,H0628,013,SC,SOUTHEAST,DSNP,D,3,False
2024,H0628,013,TN,SOUTHEAST,DSNP,D,2,False
2024,H0628,013,CA,WEST,DSNP,D,1,False
2024,H0628,013,IN,CENTRAL,DSNP,D,8,False
2024,H0628,013,WA,WEST,DSNP,D,2,False
2024,H0628,013,MT,WEST,DSNP,D,1,False
2024,H0628,013,WV,NORTHEAST,DSNP,D,15,False
2024,H0628,013,AZ,WEST,DSNP,D,2,False
2024,H0628,013,MD,NORTHEAST,DSNP,D,2,False
2024,H0628,013,GA,SOUTHEAST,DSNP,D,7,False
2024,H0628,013,NV,WEST,DSNP,D,2,False
2024,H0628,013,KY,CENTRAL,DSNP,D,13,False
2024,H0628,013,UT,WEST,DSNP,D,2,False
2024,H0628,013,OK,CENTRAL,DSNP,D,2,False
2024,H0628,013,FL,SOUTHEAST,DSNP,D,21,False
2024,H0628,018,OH,CENTRAL,ISNP,I,91,True
2024,H1608,062,NY,NORTHEAST,DSNP,D,1,False
2024,H1608,062,CO,CENTRAL,DSNP,D,1,False
2024,H1608,062,IL,CENTRAL,DSNP,D,2,False
2024,H1608,062,IA,CENTRAL,DSNP,D,2,False
2024,H1608,062,PA,NORTHEAST,DSNP,D,1,False
2024,H1608,062,TX,CENTRAL,DSNP,D,1,False
2024,H1608,062,SD,CENTRAL,DSNP,D,620,True
2024,H1608,062,MO,CENTRAL,DSNP,D,1,False
2024,H1608,062,CA,WEST,DSNP,D,1,False
2024,H1608,062,MI,CENTRAL,DSNP,D,1,False
2024,H1608,076,LA,SOUTHEAST,DSNP,D,1,False
2024,H1608,076,OK,CENTRAL,DSNP,D,3,False
2024,H1608,076,AR,SOUTHEAST,DSNP,D,4595,True
2024,H1608,076,AL,SOUTHEAST,DSNP,D,1,False
2024,H1608,076,KY,CENTRAL,DSNP,D,1,False
2024,H1608,076,MO,CENTRAL,DSNP,D,6,False
2024,H1608,076,PA,NORTHEAST,DSNP,D,2,False
2024,H1608,076,TX,CENTRAL,DSNP,D,4,False
2024,H1608,076,NE,CENTRAL,DSNP,D,1,False
2024,H1608,076,MI,CENTRAL,DSNP,D,1,False
2024,H1608,076,WA,WEST,DSNP,D,3,False
2024,H1608,076,MS,SOUTHEAST,DSNP,D,1,False
2024,H1608,076,IL,CENTRAL,DSNP,D,1,False
2024,H1608,076,FL,SOUTHEAST,DSNP,D,5,False
2024,H1608,076,TN,SOUTHEAST,DSNP,D,1,False
2024,H1608,076,CA,WEST,DSNP,D,1,False
2024,H1608,077,KS,CENTRAL,DSNP,D,1,False
2024,H1608,077,WA,WEST,DSNP,D,1,False
2024,H1608,077,FL,SOUTHEAST,DSNP,D,1,False
2024,H1608,077,CA,WEST,DSNP,D,1,False
2024,H1608,077,OK,CENTRAL,DSNP,D,2,False
2024,H1608,077,GA,SOUTHEAST,DSNP,D,1,False
2024,H1608,077,OH,CENTRAL,DSNP,D,1,False
2024,H1608,077,CO,CENTRAL,DSNP,D,1,False
2024,H1608,077,WY,WEST,DSNP,D,1,False
2024,H1608,077,AR,SOUTHEAST,DSNP,D,3360,True
2024,H1608,077,MO,CENTRAL,DSNP,D,4,False
2024,H1608,077,TX,CENTRAL,DSNP,D,2,False
2024,H1608,077,LA,SOUTHEAST,DSNP,D,1,False
2024,H1608,077,MI,CENTRAL,DSNP,D,1,False
2024,H1608,077,TN,SOUTHEAST,DSNP,D,3,False
2024,H1608,077,WI,CENTRAL,DSNP,D,1,False
2024,H1609,017,FL,SOUTHEAST,DSNP,D,304,True
2024,H1609,017,TX,CENTRAL,DSNP,D,1,False
2024,H1609,019,FL,SOUTHEAST,DSNP,D,214,True
2024,H1609,043,KY,CENTRAL,DSNP,D,2,False
2024,H1609,043,TX,CENTRAL,DSNP,D,20,False
2024,H1609,043,NC,SOUTHEAST,DSNP,D,6,False
2024,H1609,043,PA,NORTHEAST,DSNP,D,5,False
2024,H1609,043,SC,SOUTHEAST,DSNP,D,7,False
2024,H1609,043,IL,CENTRAL,DSNP,D,1,False
2024,H1609,043,TN,SOUTHEAST,DSNP,D,1,False
2024,H1609,043,NV,WEST,DSNP,D,1,False
2024,H1609,043,WI,CENTRAL,DSNP,D,1,False
2024,H1609,043,CO,CENTRAL,DSNP,D,1,False
2024,H1609,043,ID,WEST,DSNP,D,1,False
2024,H1609,043,MO,CENTRAL,DSNP,D,2,False
2024,H1609,043,CT,NORTHEAST,DSNP,D,1,False
2024,H1609,043,MA,NORTHEAST,DSNP,D,1,False
2024,H1609,043,MD,NORTHEAST,DSNP,D,1,False
2024,H1609,043,MI,CENTRAL,DSNP,D,4,False
2024,H1609,043,IN,CENTRAL,DSNP,D,2,False
2024,H1609,043,DC,NORTHEAST,DSNP,D,1,False
2024,H1609,043,VA,NORTHEAST,DSNP,D,2,False
2024,H1609,043,GA,SOUTHEAST,DSNP,D,14,False
2024,H1609,043,FL,SOUTHEAST,DSNP,D,24125,True
2024,H1609,043,PR,PUERTORICO,DSNP,D,2,False
2024,H1609,043,WA,WEST,DSNP,D,1,False
2024,H1609,043,LA,SOUTHEAST,DSNP,D,2,False
2024,H1609,043,CA,WEST,DSNP,D,8,False
2024,H1609,043,NY,NORTHEAST,DSNP,D,4,False
2024,H1609,043,AL,SOUTHEAST,DSNP,D,1,False
2024,H1609,043,OH,CENTRAL,DSNP,D,2,False
2024,H1609,043,UT,WEST,DSNP,D,1,False
2024,H1609,043,NJ,NORTHEAST,DSNP,D,2,False
2024,H1609,044,NY,NORTHEAST,DSNP,D,9,False
2024,H1609,044,PA,NORTHEAST,DSNP,D,3,False
2024,H1609,044,GA,SOUTHEAST,DSNP,D,1,False
2024,H1609,044,AZ,WEST,DSNP,D,1,False
2024,H1609,044,FL,SOUTHEAST,DSNP,D,6711,True
2024,H1609,044,WI,CENTRAL,DSNP,D,1,False
2024,H1609,044,OH,CENTRAL,DSNP,D,3,False
2024,H1609,044,TX,CENTRAL,DSNP,D,4,False
2024,H1609,044,LA,SOUTHEAST,DSNP,D,2,False
2024,H1609,044,NC,SOUTHEAST,DSNP,D,4,False
2024,H1609,044,MD,NORTHEAST,DSNP,D,1,False
2024,H1609,044,MI,CENTRAL,DSNP,D,4,False
2024,H1609,044,KY,CENTRAL,DSNP,D,2,False
2024,H1609,044,MO,CENTRAL,DSNP,D,2,False
2024,H1609,044,IL,CENTRAL,DSNP,D,3,False
2024,H1609,044,SC,SOUTHEAST,DSNP,D,1,False
2024,H1609,044,CO,CENTRAL,DSNP,D,1,False
2024,H1609,044,ME,NORTHEAST,DSNP,D,1,False
2024,H1609,044,CT,NORTHEAST,DSNP,D,1,False
2024,H1609,044,CA,WEST,DSNP,D,1,False
2024,H1609,044,OK,CENTRAL,DSNP,D,1,False
2024,H1609,044,PR,PUERTORICO,DSNP,D,1,False
2024,H1609,044,AL,SOUTHEAST,DSNP,D,2,False
2024,H1609,045,TX,CENTRAL,DSNP,D,2,False
2024,H1609,045,MI,CENTRAL,DSNP,D,2,False
2024,H1609,045,TN,SOUTHEAST,DSNP,D,2,False
2024,H1609,045,VA,NORTHEAST,DSNP,D,2,False
2024,H1609,045,GA,SOUTHEAST,DSNP,D,3,False
2024,H1609,045,NC,SOUTHEAST,DSNP,D,2,False
2024,H1609,045,IL,CENTRAL,DSNP,D,2,False
2024,H1609,045,IN,CENTRAL,DSNP,D,2,False
2024,H1609,045,OH,CENTRAL,DSNP,D,2,False
2024,H1609,045,MO,CENTRAL,DSNP,D,2,False
2024,H1609,045,NY,NORTHEAST,DSNP,D,1,False
2024,H1609,045,PA,NORTHEAST,DSNP,D,2,False
2024,H1609,045,FL,SOUTHEAST,DSNP,D,3663,True
2024,H1609,045,PR,PUERTORICO,DSNP,D,1,False
2024,H1609,045,MS,SOUTHEAST,DSNP,D,1,False
2024,H1609,046,PA,NORTHEAST,DSNP,D,5,False
2024,H1609,046,OK,CENTRAL,DSNP,D,2,False
2024,H1609,046,WA,WEST,DSNP,D,2,False
2024,H1609,046,TN,SOUTHEAST,DSNP,D,1,False
2024,H1609,046,TX,CENTRAL,DSNP,D,2,False
2024,H1609,046,CA,WEST,DSNP,D,1,False
2024,H1609,046,MI,CENTRAL,DSNP,D,1,False
2024,H1609,046,CT,NORTHEAST,DSNP,D,4,False
2024,H1609,046,VT,NORTHEAST,DSNP,D,2,False
2024,H1609,046,PR,PUERTORICO,DSNP,D,2,False
2024,H1609,046,NJ,NORTHEAST,DSNP,D,1,False
2024,H1609,046,MO,CENTRAL,DSNP,D,1,False
2024,H1609,046,KY,CENTRAL,DSNP,D,2,False
2024,H1609,046,NC,SOUTHEAST,DSNP,D,3,False
2024,H1609,046,FL,SOUTHEAST,DSNP,D,4781,True
2024,H1609,046,GA,SOUTHEAST,DSNP,D,4,False
2024,H1609,046,IL,CENTRAL,DSNP,D,1,False
2024,H1609,046,SC,SOUTHEAST,DSNP,D,2,False
2024,H1609,046,AZ,WEST,DSNP,D,1,False
2024,H1609,046,VA,NORTHEAST,DSNP,D,2,False
2024,H1609,046,NY,NORTHEAST,DSNP,D,4,False
2024,H1609,046,DE,NORTHEAST,DSNP,D,1,False
2024,H1609,046,OH,CENTRAL,DSNP,D,3,False
2024,H1609,046,CO,CENTRAL,DSNP,D,2,False
2024,H1609,046,OR,WEST,DSNP,D,2,False
2024,H1609,047,TX,CENTRAL,DSNP,D,1,False
2024,H1609,047,NM,CENTRAL,DSNP,D,1,False
2024,H1609,047,GA,SOUTHEAST,DSNP,D,4,False
2024,H1609,047,OH,CENTRAL,DSNP,D,4,False
2024,H1609,047,CA,WEST,DSNP,D,1,False
2024,H1609,047,PA,NORTHEAST,DSNP,D,3,False
2024,H1609,047,NY,NORTHEAST,DSNP,D,1,False
2024,H1609,047,NC,SOUTHEAST,DSNP,D,1,False
2024,H1609,047,DE,NORTHEAST,DSNP,D,1,False
2024,H1609,047,DC,NORTHEAST,DSNP,D,1,False
2024,H1609,047,MD,NORTHEAST,DSNP,D,1,False
2024,H1609,047,WA,WEST,DSNP,D,1,False
2024,H1609,047,MI,CENTRAL,DSNP,D,1,False
2024,H1609,047,AZ,WEST,DSNP,D,1,False
2024,H1609,047,IN,CENTRAL,DSNP,D,2,False
2024,H1609,047,FL,SOUTHEAST,DSNP,D,1246,True
2024,H1609,048,MO,CENTRAL,DSNP,D,2,False
2024,H1609,048,CO,CENTRAL,DSNP,D,1,False
2024,H1609,048,FL,SOUTHEAST,DSNP,D,2312,True
2024,H1609,048,GA,SOUTHEAST,DSNP,D,1,False
2024,H1609,048,WA,WEST,DSNP,D,2,False
2024,H1609,048,MI,CENTRAL,DSNP,D,1,False
2024,H1609,048,NC,SOUTHEAST,DSNP,D,1,False
2024,H1609,048,AR,SOUTHEAST,DSNP,D,1,False
2024,H1609,048,NY,NORTHEAST,DSNP,D,1,False
2024,H1609,048,SC,SOUTHEAST,DSNP,D,1,False
2024,H1609,048,TX,CENTRAL,DSNP,D,2,False
2024,H1609,048,PA,NORTHEAST,DSNP,D,2,False
2024,H1609,048,OH,CENTRAL,DSNP,D,2,False
2024,H1609,049,NY,NORTHEAST,DSNP,D,1,False
2024,H1609,049,FL,SOUTHEAST,DSNP,D,1533,True
2024,H1609,049,NC,SOUTHEAST,DSNP,D,1,False
2024,H1609,049,OH,CENTRAL,DSNP,D,2,False
2024,H1609,049,WI,CENTRAL,DSNP,D,1,False
2024,H1609,049,NJ,NORTHEAST,DSNP,D,1,False
2024,H1609,049,TN,SOUTHEAST,DSNP,D,1,False
2024,H1609,049,WV,NORTHEAST,DSNP,D,1,False
2024,H1609,049,OK,CENTRAL,DSNP,D,1,False
2024,H1609,049,MA,NORTHEAST,DSNP,D,1,False
2024,H1609,049,VT,NORTHEAST,DSNP,D,1,False
2024,H1609,055,NJ,NORTHEAST,DSNP,D,2,False
2024,H1609,055,IL,CENTRAL,DSNP,D,2,False
2024,H1609,055,CA,WEST,DSNP,D,1,False
2024,H1609,055,CT,NORTHEAST,DSNP,D,1,False
2024,H1609,055,FL,SOUTHEAST,DSNP,D,911,True
2024,H1609,056,TN,SOUTHEAST,DSNP,D,1,False
2024,H1609,056,OK,CENTRAL,DSNP,D,1,False
2024,H1609,056,NH,NORTHEAST,DSNP,D,1,False
2024,H1609,056,PA,NORTHEAST,DSNP,D,2,False
2024,H1609,056,MI,CENTRAL,DSNP,D,1,False
2024,H1609,056,NY,NORTHEAST,DSNP,D,1,False
2024,H1609,056,NV,WEST,DSNP,D,1,False
2024,H1609,056,CO,CENTRAL,DSNP,D,1,False
2024,H1609,056,MS,SOUTHEAST,DSNP,D,1,False
2024,H1609,056,OH,CENTRAL,DSNP,D,3,False
2024,H1609,056,FL,SOUTHEAST,DSNP,D,2580,True
2024,H1609,056,MA,NORTHEAST,DSNP,D,1,False
2024,H1609,056,NJ,NORTHEAST,DSNP,D,2,False
2024,H1609,056,GA,SOUTHEAST,DSNP,D,1,False
2024,H1609,056,IN,CENTRAL,DSNP,D,2,False
2024,H1609,056,TX,CENTRAL,DSNP,D,3,False
2024,H1609,061,TX,CENTRAL,DSNP,D,1,False
2024,H1609,061,FL,SOUTHEAST,DSNP,D,267,True
2024,H1609,061,MI,CENTRAL,DSNP,D,1,False
2024,H1609,061,LA,SOUTHEAST,DSNP,D,1,False
2024,H1609,061,AZ,WEST,DSNP,D,1,False
2024,H1609,061,KY,CENTRAL,DSNP,D,1,False
2024,H1609,061,NY,NORTHEAST,DSNP,D,1,False
2024,H1609,062,FL,SOUTHEAST,DSNP,D,188,True
2024,H1609,062,GA,SOUTHEAST,DSNP,D,1,False
2024,H1609,062,PA,NORTHEAST,DSNP,D,1,False
2024,H1609,064,NC,SOUTHEAST,DSNP,D,2,False
2024,H1609,064,FL,SOUTHEAST,DSNP,D,1254,True
2024,H1609,064,LA,SOUTHEAST,DSNP,D,1,False
2024,H1609,064,NY,NORTHEAST,DSNP,D,1,False
2024,H1609,064,TX,CENTRAL,DSNP,D,1,False
2024,H1609,064,CA,WEST,DSNP,D,1,False
2024,H1609,064,AL,SOUTHEAST,DSNP,D,4,False
2024,H1609,065,FL,SOUTHEAST,DSNP,D,264,True
2024,H1609,065,OH,CENTRAL,DSNP,D,1,False
2024,H1609,065,IL,CENTRAL,DSNP,D,1,False
2024,H1610,001,VA,Unidentified_MA_Region,DSNP(FIDE),F,97,False
2024,H1610,001,VA,NORTHEAST,DSNP(FIDE),F,5870,True
2024,H1610,002,VA,Unidentified_MA_Region,DSNP,D,24,False
2024,H1610,002,VA,NORTHEAST,DSNP,D,2093,True
2024,H1610,003,VA,NORTHEAST,DSNP,D,2518,True
2024,H1610,003,VA,Unidentified_MA_Region,DSNP,D,23,False
2024,H1692,005,VA,NORTHEAST,DSNP,D,9,False
2024,H1692,005,MI,CENTRAL,DSNP,D,1,False
2024,H1692,005,CA,WEST,DSNP,D,1,False
2024,H1692,005,ME,NORTHEAST,DSNP,D,2,False
2024,H1692,005,MD,NORTHEAST,DSNP,D,6,False
2024,H1692,005,ID,WEST,DSNP,D,1,False
2024,H1692,005,IL,CENTRAL,DSNP,D,3,False
2024,H1692,005,WV,NORTHEAST,DSNP,D,9387,True
2024,H1692,005,TX,CENTRAL,DSNP,D,2,False
2024,H1692,005,PA,NORTHEAST,DSNP,D,4,False
2024,H1692,005,GA,SOUTHEAST,DSNP,D,1,False
2024,H1692,005,AZ,WEST,DSNP,D,1,False
2024,H1692,005,KY,CENTRAL,DSNP,D,1,False
2024,H1692,005,WY,WEST,DSNP,D,1,False
2024,H1692,005,SC,SOUTHEAST,DSNP,D,1,False
2024,H1692,005,MN,CENTRAL,DSNP,D,1,False
2024,H1692,005,NY,NORTHEAST,DSNP,D,2,False
2024,H1692,005,IN,CENTRAL,DSNP,D,1,False
2024,H1692,005,NV,WEST,DSNP,D,2,False
2024,H1692,005,FL,SOUTHEAST,DSNP,D,4,False
2024,H1692,005,NC,SOUTHEAST,DSNP,D,4,False
2024,H1692,005,OH,CENTRAL,DSNP,D,25,False
2024,H2293,002,VA,NORTHEAST,DSNP,D,2,False
2024,H2293,002,MS,SOUTHEAST,DSNP,D,1,False
2024,H2293,002,KY,CENTRAL,DSNP,D,1,False
2024,H2293,002,GA,SOUTHEAST,DSNP,D,8908,True
2024,H2293,002,IL,CENTRAL,DSNP,D,2,False
2024,H2293,002,PA,NORTHEAST,DSNP,D,1,False
2024,H2293,002,MI,CENTRAL,DSNP,D,5,False
2024,H2293,002,OH,CENTRAL,DSNP,D,3,False
2024,H2293,002,NC,SOUTHEAST,DSNP,D,2,False
2024,H2293,002,NY,NORTHEAST,DSNP,D,3,False
2024,H2293,002,NV,WEST,DSNP,D,1,False
2024,H2293,002,TN,SOUTHEAST,DSNP,D,1,False
2024,H2293,002,TX,CENTRAL,DSNP,D,5,False
2024,H2293,002,NJ,NORTHEAST,DSNP,D,3,False
2024,H2293,002,FL,SOUTHEAST,DSNP,D,12,False
2024,H2293,002,NM,CENTRAL,DSNP,D,1,False
2024,H2293,002,LA,SOUTHEAST,DSNP,D,1,False
2024,H2293,002,CA,WEST,DSNP,D,2,False
2024,H2293,002,IN,CENTRAL,DSNP,D,2,False
2024,H2293,002,AL,SOUTHEAST,DSNP,D,5,False
2024,H2293,003,IL,CENTRAL,DSNP,D,1,False
2024,H2293,003,MI,CENTRAL,DSNP,D,1,False
2024,H2293,003,GA,SOUTHEAST,DSNP,D,1574,True
2024,H2293,003,AL,SOUTHEAST,DSNP,D,1,False
2024,H2293,003,NJ,NORTHEAST,DSNP,D,1,False
2024,H2293,003,MD,NORTHEAST,DSNP,D,1,False
2024,H2293,003,SC,SOUTHEAST,DSNP,D,1,False
2024,H2293,003,IN,CENTRAL,DSNP,D,1,False
2024,H2293,004,OH,CENTRAL,DSNP,D,1,False
2024,H2293,004,PA,NORTHEAST,DSNP,D,2,False
2024,H2293,004,GA,SOUTHEAST,DSNP,D,828,True
2024,H2293,004,FL,SOUTHEAST,DSNP,D,2,False
2024,H2293,005,MI,CENTRAL,DSNP,D,3,False
2024,H2293,005,NE,CENTRAL,DSNP,D,1,False
2024,H2293,005,NC,SOUTHEAST,DSNP,D,1,False
2024,H2293,005,NV,WEST,DSNP,D,1,False
2024,H2293,005,AL,SOUTHEAST,DSNP,D,1,False
2024,H2293,005,DC,NORTHEAST,DSNP,D,1,False
2024,H2293,005,PA,NORTHEAST,DSNP,D,4,False
2024,H2293,005,CT,NORTHEAST,DSNP,D,1,False
2024,H2293,005,MA,NORTHEAST,DSNP,D,1,False
2024,H2293,005,NY,NORTHEAST,DSNP,D,1,False
2024,H2293,005,VA,NORTHEAST,DSNP,D,3,False
2024,H2293,005,CA,WEST,DSNP,D,2,False
2024,H2293,005,IN,CENTRAL,DSNP,D,1,False
2024,H2293,005,FL,SOUTHEAST,DSNP,D,9,False
2024,H2293,005,RI,NORTHEAST,DSNP,D,1,False
2024,H2293,005,LA,SOUTHEAST,DSNP,D,2,False
2024,H2293,005,MS,SOUTHEAST,DSNP,D,2,False
2024,H2293,005,NJ,NORTHEAST,DSNP,D,1,False
2024,H2293,005,OH,CENTRAL,DSNP,D,1,False
2024,H2293,005,GA,SOUTHEAST,DSNP,D,5485,True
2024,H2293,005,TX,CENTRAL,DSNP,D,2,False
2024,H2293,005,SC,SOUTHEAST,DSNP,D,3,False
2024,H2293,021,NY,NORTHEAST,DSNP,D,1,False
2024,H2293,021,KY,CENTRAL,DSNP,D,1,False
2024,H2293,021,MO,CENTRAL,DSNP,D,1,False
2024,H2293,021,PA,NORTHEAST,DSNP,D,2,False
2024,H2293,021,NJ,NORTHEAST,DSNP,D,1,False
2024,H2293,021,VA,NORTHEAST,DSNP,D,1,False
2024,H2293,021,AZ,WEST,DSNP,D,1,False
2024,H2293,021,SC,SOUTHEAST,DSNP,D,4,False
2024,H2293,021,FL,SOUTHEAST,DSNP,D,26,False
2024,H2293,021,GA,SOUTHEAST,DSNP,D,17255,True
2024,H2293,021,TN,SOUTHEAST,DSNP,D,7,False
2024,H2293,021,VT,NORTHEAST,DSNP,D,1,False
2024,H2293,021,CA,WEST,DSNP,D,2,False
2024,H2293,021,IL,CENTRAL,DSNP,D,3,False
2024,H2293,021,MD,NORTHEAST,DSNP,D,2,False
2024,H2293,021,LA,SOUTHEAST,DSNP,D,2,False
2024,H2293,021,TX,CENTRAL,DSNP,D,2,False
2024,H2293,021,WV,NORTHEAST,DSNP,D,1,False
2024,H2293,021,NC,SOUTHEAST,DSNP,D,6,False
2024,H2293,021,MI,CENTRAL,DSNP,D,1,False
2024,H2293,021,OH,CENTRAL,DSNP,D,2,False
2024,H2293,021,MA,NORTHEAST,DSNP,D,1,False
2024,H2293,021,AL,SOUTHEAST,DSNP,D,19,False
2024,H2293,022,AL,SOUTHEAST,DSNP,D,2,False
2024,H2293,022,KY,CENTRAL,DSNP,D,1,False
2024,H2293,022,GA,SOUTHEAST,DSNP,D,2311,True
2024,H2293,022,SC,SOUTHEAST,DSNP,D,1,False
2024,H3146,002,FL,SOUTHEAST,DSNP,D,3,False
2024,H3146,002,NC,SOUTHEAST,DSNP,D,896,True
2024,H3146,002,DC,NORTHEAST,DSNP,D,1,False
2024,H3146,002,TN,SOUTHEAST,DSNP,D,1,False
2024,H3146,002,VA,NORTHEAST,DSNP,D,3,False
2024,H3146,002,WV,NORTHEAST,DSNP,D,1,False
2024,H3146,002,SC,SOUTHEAST,DSNP,D,1,False
2024,H3146,003,VA,NORTHEAST,DSNP,D,1,False
2024,H3146,003,WV,NORTHEAST,DSNP,D,1,False
2024,H3146,003,GA,SOUTHEAST,DSNP,D,1,False
2024,H3146,003,NY,NORTHEAST,DSNP,D,1,False
2024,H3146,003,AR,SOUTHEAST,DSNP,D,1,False
2024,H3146,003,PA,NORTHEAST,DSNP,D,1,False
2024,H3146,003,NC,SOUTHEAST,DSNP,D,389,True
2024,H3146,008,NC,SOUTHEAST,DSNP,D,574,True
2024,H3146,008,NJ,NORTHEAST,DSNP,D,1,False
2024,H3146,008,WV,NORTHEAST,DSNP,D,1,False
2024,H3146,008,TX,CENTRAL,DSNP,D,1,False
2024,H3146,008,SC,SOUTHEAST,DSNP,D,2,False
2024,H3146,008,MO,CENTRAL,DSNP,D,1,False
2024,H3146,008,FL,SOUTHEAST,DSNP,D,1,False
2024,H3146,008,LA,SOUTHEAST,DSNP,D,1,False
2024,H3146,009,AZ,WEST,DSNP,D,1,False
2024,H3146,009,SC,SOUTHEAST,DSNP,D,1,False
2024,H3146,009,FL,SOUTHEAST,DSNP,D,1,False
2024,H3146,009,TN,SOUTHEAST,DSNP,D,1,False
2024,H3146,009,NC,SOUTHEAST,DSNP,D,351,True
2024,H3146,015,MS,SOUTHEAST,DSNP,D,1,False
2024,H3146,015,NC,SOUTHEAST,DSNP,D,278,True
2024,H3146,015,GA,SOUTHEAST,DSNP,D,1,False
2024,H3146,016,NC,SOUTHEAST,DSNP,D,1,False
2024,H3146,016,OH,CENTRAL,DSNP,D,1,False
2024,H3146,016,SC,SOUTHEAST,DSNP,D,1190,True
2024,H3146,016,CA,WEST,DSNP,D,1,False
2024,H3146,016,GA,SOUTHEAST,DSNP,D,1,False
2024,H3146,017,FL,SOUTHEAST,DSNP,D,2,False
2024,H3146,017,VA,NORTHEAST,DSNP,D,1,False
2024,H3146,017,MA,NORTHEAST,DSNP,D,1,False
2024,H3146,017,SC,SOUTHEAST,DSNP,D,905,True
2024,H3146,017,OK,CENTRAL,DSNP,D,1,False
2024,H3146,017,NC,SOUTHEAST,DSNP,D,2,False
2024,H3146,018,NJ,NORTHEAST,DSNP,D,1,False
2024,H3146,018,MO,CENTRAL,DSNP,D,1,False
2024,H3146,018,AL,SOUTHEAST,DSNP,D,1,False
2024,H3146,018,FL,SOUTHEAST,DSNP,D,1,False
2024,H3146,018,TX,CENTRAL,DSNP,D,1,False
2024,H3146,018,NH,NORTHEAST,DSNP,D,2,False
2024,H3146,018,GA,SOUTHEAST,DSNP,D,2,False
2024,H3146,018,MD,NORTHEAST,DSNP,D,1,False
2024,H3146,018,PA,NORTHEAST,DSNP,D,2,False
2024,H3146,018,TN,SOUTHEAST,DSNP,D,1,False
2024,H3146,018,SC,SOUTHEAST,DSNP,D,2,False
2024,H3146,018,VA,NORTHEAST,DSNP,D,2,False
2024,H3146,018,NC,SOUTHEAST,DSNP,D,2003,True
2024,H3146,019,WV,NORTHEAST,DSNP,D,1,False
2024,H3146,019,RI,NORTHEAST,DSNP,D,1,False
2024,H3146,019,GA,SOUTHEAST,DSNP,D,5,False
2024,H3146,019,SC,SOUTHEAST,DSNP,D,6250,True
2024,H3146,019,AL,SOUTHEAST,DSNP,D,1,False
2024,H3146,019,CT,NORTHEAST,DSNP,D,2,False
2024,H3146,019,MD,NORTHEAST,DSNP,D,1,False
2024,H3146,019,NC,SOUTHEAST,DSNP,D,9,False
2024,H3146,019,TN,SOUTHEAST,DSNP,D,3,False
2024,H3146,019,FL,SOUTHEAST,DSNP,D,9,False
2024,H3146,019,KS,CENTRAL,DSNP,D,1,False
2024,H3146,019,KY,CENTRAL,DSNP,D,1,False
2024,H3192,007,TN,SOUTHEAST,DSNP,D,2,False
2024,H3192,007,MN,CENTRAL,DSNP,D,1,False
2024,H3192,007,HI,WEST,DSNP,D,1,False
2024,H3192,007,NV,WEST,DSNP,D,3,False
2024,H3192,007,KY,CENTRAL,DSNP,D,7,False
2024,H3192,007,NC,SOUTHEAST,DSNP,D,3,False
2024,H3192,007,VA,NORTHEAST,DSNP,D,1,False
2024,H3192,007,MO,CENTRAL,DSNP,D,3,False
2024,H3192,007,CA,WEST,DSNP,D,2,False
2024,H3192,007,IL,CENTRAL,DSNP,D,6,False
2024,H3192,007,AL,SOUTHEAST,DSNP,D,3,False
2024,H3192,007,OR,WEST,DSNP,D,1,False
2024,H3192,007,PA,NORTHEAST,DSNP,D,2,False
2024,H3192,007,NM,CENTRAL,DSNP,D,1,False
2024,H3192,007,CT,NORTHEAST,DSNP,D,1,False
2024,H3192,007,AR,SOUTHEAST,DSNP,D,4,False
2024,H3192,007,NE,CENTRAL,DSNP,D,3,False
2024,H3192,007,AZ,WEST,DSNP,D,2,False
2024,H3192,007,LA,SOUTHEAST,DSNP,D,1,False
2024,H3192,007,OK,CENTRAL,DSNP,D,1,False
2024,H3192,007,FL,SOUTHEAST,DSNP,D,9,False
2024,H3192,007,MI,CENTRAL,DSNP,D,25095,True
2024,H3192,007,MS,SOUTHEAST,DSNP,D,2,False
2024,H3192,007,TX,CENTRAL,DSNP,D,10,False
2024,H3192,007,GA,SOUTHEAST,DSNP,D,5,False
2024,H3192,007,IN,CENTRAL,DSNP,D,5,False
2024,H3192,007,OH,CENTRAL,DSNP,D,15,False
2024,H3192,007,NY,NORTHEAST,DSNP,D,2,False
2024,H3192,007,SC,SOUTHEAST,DSNP,D,1,False
2024,H3192,008,IN,CENTRAL,DSNP,D,5,True
2024,H3192,009,IN,CENTRAL,DSNP,D,6,True
2024,H3239,001,TX,CENTRAL,DSNP,D,7,False
2024,H3239,001,MD,NORTHEAST,DSNP,D,1,False
2024,H3239,001,AR,SOUTHEAST,DSNP,D,1,False
2024,H3239,001,LA,SOUTHEAST,DSNP,D,2315,True
2024,H3239,001,NY,NORTHEAST,DSNP,D,1,False
2024,H3239,001,MS,SOUTHEAST,DSNP,D,3,False
2024,H3239,001,SC,SOUTHEAST,DSNP,D,1,False
2024,H3239,001,MN,CENTRAL,DSNP,D,1,False
2024,H3239,002,GA,SOUTHEAST,DSNP,D,7,False
2024,H3239,002,OK,CENTRAL,DSNP,D,1,False
2024,H3239,002,TN,SOUTHEAST,DSNP,D,6,False
2024,H3239,002,PA,NORTHEAST,DSNP,D,1,False
2024,H3239,002,VA,NORTHEAST,DSNP,D,3,False
2024,H3239,002,NY,NORTHEAST,DSNP,D,1,False
2024,H3239,002,CA,WEST,DSNP,D,2,False
2024,H3239,002,NJ,NORTHEAST,DSNP,D,1,False
2024,H3239,002,TX,CENTRAL,DSNP,D,5,False
2024,H3239,002,KY,CENTRAL,DSNP,D,2,False
2024,H3239,002,MI,CENTRAL,DSNP,D,1,False
2024,H3239,002,FL,SOUTHEAST,DSNP,D,3,False
2024,H3239,002,AZ,WEST,DSNP,D,1,False
2024,H3239,002,NC,SOUTHEAST,DSNP,D,1,False
2024,H3239,002,LA,SOUTHEAST,DSNP,D,1,False
2024,H3239,002,MS,SOUTHEAST,DSNP,D,6,False
2024,H3239,002,MO,CENTRAL,DSNP,D,1,False
2024,H3239,002,NH,NORTHEAST,DSNP,D,1,False
2024,H3239,002,AL,SOUTHEAST,DSNP,D,5346,True
2024,H3239,002,SC,SOUTHEAST,DSNP,D,1,False
2024,H3239,003,NE,CENTRAL,DSNP,D,1,False
2024,H3239,003,NM,CENTRAL,DSNP,D,1,False
2024,H3239,003,TX,CENTRAL,DSNP,D,2,False
2024,H3239,003,AL,SOUTHEAST,DSNP,D,6699,True
2024,H3239,003,MD,NORTHEAST,DSNP,D,2,False
2024,H3239,003,MS,SOUTHEAST,DSNP,D,6,False
2024,H3239,003,FL,SOUTHEAST,DSNP,D,12,False
2024,H3239,003,ND,CENTRAL,DSNP,D,1,False
2024,H3239,003,GA,SOUTHEAST,DSNP,D,9,False
2024,H3239,003,NY,NORTHEAST,DSNP,D,4,False
2024,H3239,003,OK,CENTRAL,DSNP,D,1,False
2024,H3239,003,CA,WEST,DSNP,D,1,False
2024,H3239,003,TN,SOUTHEAST,DSNP,D,3,False
2024,H3239,005,AR,SOUTHEAST,DSNP,D,2,False
2024,H3239,005,TX,CENTRAL,DSNP,D,2,False
2024,H3239,005,AL,SOUTHEAST,DSNP,D,3,False
2024,H3239,005,DE,NORTHEAST,DSNP,D,1,False
2024,H3239,005,IL,CENTRAL,DSNP,D,2,False
2024,H3239,005,CA,WEST,DSNP,D,1,False
2024,H3239,005,MS,SOUTHEAST,DSNP,D,2491,True
2024,H3239,005,TN,SOUTHEAST,DSNP,D,4,False
2024,H3239,005,NC,SOUTHEAST,DSNP,D,1,False
2024,H3239,005,GA,SOUTHEAST,DSNP,D,1,False
2024,H3239,006,MS,SOUTHEAST,DSNP,D,1,False
2024,H3239,006,TX,CENTRAL,DSNP,D,3,False
2024,H3239,006,CA,WEST,DSNP,D,1,False
2024,H3239,006,LA,SOUTHEAST,DSNP,D,1060,True
2024,H3239,006,AR,SOUTHEAST,DSNP,D,1,False
2024,H3239,007,NV,WEST,DSNP,D,1,False
2024,H3239,007,AL,SOUTHEAST,DSNP,D,1,False
2024,H3239,007,NC,SOUTHEAST,DSNP,D,1,False
2024,H3239,007,TX,CENTRAL,DSNP,D,7,False
2024,H3239,007,LA,SOUTHEAST,DSNP,D,2726,True
2024,H3239,007,MS,SOUTHEAST,DSNP,D,2,False
2024,H3239,008,WI,CENTRAL,DSNP,D,1,False
2024,H3239,008,AR,SOUTHEAST,DSNP,D,1,False
2024,H3239,008,MS,SOUTHEAST,DSNP,D,1084,True
2024,H3239,008,TX,CENTRAL,DSNP,D,2,False
2024,H3239,008,MI,CENTRAL,DSNP,D,1,False
2024,H3239,008,GA,SOUTHEAST,DSNP,D,2,False
2024,H3239,008,LA,SOUTHEAST,DSNP,D,3,False
2024,H3239,008,FL,SOUTHEAST,DSNP,D,1,False
2024,H3239,010,LA,SOUTHEAST,DSNP,D,1,False
2024,H3239,010,AL,SOUTHEAST,DSNP,D,634,True
2024,H3239,010,TX,CENTRAL,DSNP,D,1,False
2024,H3239,010,CO,CENTRAL,DSNP,D,1,False
2024,H3239,010,MS,SOUTHEAST,DSNP,D,1,False
2024,H3239,010,IN,CENTRAL,DSNP,D,1,False
2024,H3239,011,FL,SOUTHEAST,DSNP,D,1,False
2024,H3239,011,MD,NORTHEAST,DSNP,D,1,False
2024,H3239,011,LA,SOUTHEAST,DSNP,D,3257,True
2024,H3239,011,MI,CENTRAL,DSNP,D,1,False
2024,H3239,011,MS,SOUTHEAST,DSNP,D,1,False
2024,H3239,011,CA,WEST,DSNP,D,1,False
2024,H3239,011,WA,WEST,DSNP,D,2,False
2024,H3239,011,TX,CENTRAL,DSNP,D,6,False
2024,H3239,011,OK,CENTRAL,DSNP,D,1,False
2024,H3239,012,MS,SOUTHEAST,DSNP,D,806,True
2024,H3239,013,LA,SOUTHEAST,DSNP,D,2924,True
2024,H3239,013,VA,NORTHEAST,DSNP,D,1,False
2024,H3239,013,GA,SOUTHEAST,DSNP,D,1,False
2024,H3239,013,MS,SOUTHEAST,DSNP,D,4,False
2024,H3239,013,IL,CENTRAL,DSNP,D,1,False
2024,H3239,013,TX,CENTRAL,DSNP,D,3,False
2024,H3239,013,FL,SOUTHEAST,DSNP,D,2,False
2024,H3239,013,NC,SOUTHEAST,DSNP,D,1,False
2024,H3239,013,MA,NORTHEAST,DSNP,D,1,False
2024,H3239,015,GA,SOUTHEAST,DSNP,D,1,False
2024,H3239,015,AL,SOUTHEAST,DSNP,D,1,False
2024,H3239,015,LA,SOUTHEAST,DSNP,D,2,False
2024,H3239,015,MS,SOUTHEAST,DSNP,D,865,True
2024,H3239,016,TX,CENTRAL,DSNP,D,2,False
2024,H3239,016,CA,WEST,DSNP,D,1,False
2024,H3239,016,MS,SOUTHEAST,DSNP,D,282,True
2024,H3239,018,MN,CENTRAL,DSNP,D,1,False
2024,H3239,018,AL,SOUTHEAST,DSNP,D,2029,True
2024,H3239,018,NH,NORTHEAST,DSNP,D,1,False
2024,H3239,018,PA,NORTHEAST,DSNP,D,1,False
2024,H3239,018,NC,SOUTHEAST,DSNP,D,1,False
2024,H3239,018,TX,CENTRAL,DSNP,D,1,False
2024,H3239,018,OH,CENTRAL,DSNP,D,1,False
2024,H3239,018,KY,CENTRAL,DSNP,D,1,False
2024,H3239,018,LA,SOUTHEAST,DSNP,D,1,False
2024,H3239,018,TN,SOUTHEAST,DSNP,D,1,False
2024,H3239,018,GA,SOUTHEAST,DSNP,D,1,False
2024,H3239,018,FL,SOUTHEAST,DSNP,D,2,False
2024,H3239,018,IL,CENTRAL,DSNP,D,1,False
2024,H3239,018,WA,WEST,DSNP,D,1,False
2024,H3239,018,KS,CENTRAL,DSNP,D,1,False
2024,H3239,019,AL,SOUTHEAST,DSNP,D,175,True
2024,H3239,019,FL,SOUTHEAST,DSNP,D,1,False
2024,H3239,019,MO,CENTRAL,DSNP,D,1,False
2024,H3312,069,DC,NORTHEAST,DSNP,D,1,False
2024,H3312,069,NM,CENTRAL,DSNP,D,1,False
2024,H3312,069,CA,WEST,DSNP,D,4,False
2024,H3312,069,NC,SOUTHEAST,DSNP,D,10,False
2024,H3312,069,SC,SOUTHEAST,DSNP,D,11,False
2024,H3312,069,VA,NORTHEAST,DSNP,D,3,False
2024,H3312,069,KS,CENTRAL,DSNP,D,1,False
2024,H3312,069,IN,CENTRAL,DSNP,D,2,False
2024,H3312,069,RI,NORTHEAST,DSNP,D,3,False
2024,H3312,069,OK,CENTRAL,DSNP,D,1,False
2024,H3312,069,WV,NORTHEAST,DSNP,D,1,False
2024,H3312,069,MI,CENTRAL,DSNP,D,1,False
2024,H3312,069,LA,SOUTHEAST,DSNP,D,1,False
2024,H3312,069,NY,NORTHEAST,DSNP,D,35093,True
2024,H3312,069,NJ,NORTHEAST,DSNP,D,19,False
2024,H3312,069,CO,CENTRAL,DSNP,D,1,False
2024,H3312,069,PA,NORTHEAST,DSNP,D,25,False
2024,H3312,069,GA,SOUTHEAST,DSNP,D,12,False
2024,H3312,069,DE,NORTHEAST,DSNP,D,2,False
2024,H3312,069,OH,CENTRAL,DSNP,D,4,False
2024,H3312,069,NV,WEST,DSNP,D,1,False
2024,H3312,069,TX,CENTRAL,DSNP,D,8,False
2024,H3312,069,MD,NORTHEAST,DSNP,D,2,False
2024,H3312,069,FL,SOUTHEAST,DSNP,D,29,False
2024,H3312,069,MA,NORTHEAST,DSNP,D,3,False
2024,H3312,069,CT,NORTHEAST,DSNP,D,17,False
2024,H3312,069,TN,SOUTHEAST,DSNP,D,1,False
2024,H3312,070,FL,SOUTHEAST,DSNP,D,11,False
2024,H3312,070,AZ,WEST,DSNP,D,1,False
2024,H3312,070,TX,CENTRAL,DSNP,D,1,False
2024,H3312,070,TN,SOUTHEAST,DSNP,D,2,False
2024,H3312,070,OK,CENTRAL,DSNP,D,2,False
2024,H3312,070,DE,NORTHEAST,DSNP,D,1,False
2024,H3312,070,CA,WEST,DSNP,D,1,False
2024,H3312,070,WA,WEST,DSNP,D,1,False
2024,H3312,070,MS,SOUTHEAST,DSNP,D,1,False
2024,H3312,070,NE,CENTRAL,DSNP,D,1,False
2024,H3312,070,NY,NORTHEAST,DSNP,D,13379,True
2024,H3312,070,SC,SOUTHEAST,DSNP,D,3,False
2024,H3312,070,GA,SOUTHEAST,DSNP,D,3,False
2024,H3312,070,KY,CENTRAL,DSNP,D,4,False
2024,H3312,070,NJ,NORTHEAST,DSNP,D,4,False
2024,H3312,070,MA,NORTHEAST,DSNP,D,1,False
2024,H3312,070,CO,CENTRAL,DSNP,D,1,False
2024,H3312,070,NC,SOUTHEAST,DSNP,D,6,False
2024,H3312,070,VA,NORTHEAST,DSNP,D,4,False
2024,H3312,070,AL,SOUTHEAST,DSNP,D,1,False
2024,H3312,070,PA,NORTHEAST,DSNP,D,8,False
2024,H3597,011,NH,NORTHEAST,DSNP,D,3,False
2024,H3597,011,AZ,WEST,DSNP,D,1,False
2024,H3597,011,MS,SOUTHEAST,DSNP,D,1,False
2024,H3597,011,TX,CENTRAL,DSNP,D,1,False
2024,H3597,011,FL,SOUTHEAST,DSNP,D,1,False
2024,H3597,011,MI,CENTRAL,DSNP,D,1,False
2024,H3597,011,MT,WEST,DSNP,D,1,False
2024,H3597,011,TN,SOUTHEAST,DSNP,D,1,False
2024,H3597,011,ME,NORTHEAST,DSNP,D,2944,True
2024,H3597,011,PA,NORTHEAST,DSNP,D,2,False
2024,H3597,011,NC,SOUTHEAST,DSNP,D,1,False
2024,H3597,011,MA,NORTHEAST,DSNP,D,1,False
2024,H3597,011,WA,WEST,DSNP,D,1,False
2024,H3597,012,ME,NORTHEAST,DSNP,D,1323,True
2024,H3597,012,MA,NORTHEAST,DSNP,D,2,False
2024,H3597,012,VT,NORTHEAST,DSNP,D,1,False
2024,H3597,012,CA,WEST,DSNP,D,1,False
2024,H3597,012,FL,SOUTHEAST,DSNP,D,1,False
2024,H3931,159,CA,WEST,DSNP,D,2,False
2024,H3931,159,FL,SOUTHEAST,DSNP,D,7,False
2024,H3931,159,AL,SOUTHEAST,DSNP,D,1,False
2024,H3931,159,MA,NORTHEAST,DSNP,D,2,False
2024,H3931,159,PA,NORTHEAST,DSNP,D,7,False
2024,H3931,159,WV,NORTHEAST,DSNP,D,3,False
2024,H3931,159,MN,CENTRAL,DSNP,D,1,False
2024,H3931,159,NM,CENTRAL,DSNP,D,1,False
2024,H3931,159,DE,NORTHEAST,DSNP,D,1,False
2024,H3931,159,NJ,NORTHEAST,DSNP,D,1,False
2024,H3931,159,TX,CENTRAL,DSNP,D,2,False
2024,H3931,159,OH,CENTRAL,DSNP,D,1,False
2024,H3931,159,IL,CENTRAL,DSNP,D,1,False
2024,H3931,159,GA,SOUTHEAST,DSNP,D,1,False
2024,H3931,159,VA,NORTHEAST,DSNP,D,5,False
2024,H3931,159,SC,SOUTHEAST,DSNP,D,2,False
2024,H3931,159,NC,SOUTHEAST,DSNP,D,3,False
2024,H3931,159,MD,NORTHEAST,DSNP,D,6026,True
2024,H3931,159,MI,CENTRAL,DSNP,D,1,False
2024,H3959,035,GA,SOUTHEAST,DSNP,D,9,False
2024,H3959,035,VA,NORTHEAST,DSNP,D,6,False
2024,H3959,035,WV,NORTHEAST,DSNP,D,2,False
2024,H3959,035,TN,SOUTHEAST,DSNP,D,2,False
2024,H3959,035,OH,CENTRAL,DSNP,D,4,False
2024,H3959,035,SC,SOUTHEAST,DSNP,D,1,False
2024,H3959,035,NY,NORTHEAST,DSNP,D,11,False
2024,H3959,035,FL,SOUTHEAST,DSNP,D,18,False
2024,H3959,035,IA,CENTRAL,DSNP,D,1,False
2024,H3959,035,UT,WEST,DSNP,D,1,False
2024,H3959,035,DE,NORTHEAST,DSNP,D,16,False
2024,H3959,035,TX,CENTRAL,DSNP,D,4,False
2024,H3959,035,CA,WEST,DSNP,D,3,False
2024,H3959,035,DC,NORTHEAST,DSNP,D,2,False
2024,H3959,035,CT,NORTHEAST,DSNP,D,1,False
2024,H3959,035,MA,NORTHEAST,DSNP,D,4,False
2024,H3959,035,WA,WEST,DSNP,D,1,False
2024,H3959,035,AL,SOUTHEAST,DSNP,D,1,False
2024,H3959,035,CO,CENTRAL,DSNP,D,1,False
2024,H3959,035,MD,NORTHEAST,DSNP,D,7,False
2024,H3959,035,OR,WEST,DSNP,D,1,False
2024,H3959,035,NJ,NORTHEAST,DSNP,D,21,False
2024,H3959,035,NC,SOUTHEAST,DSNP,D,8,False
2024,H3959,035,PA,NORTHEAST,DSNP,D,20814,True
2024,H3959,035,IL,CENTRAL,DSNP,D,2,False
2024,H3959,035,MN,CENTRAL,DSNP,D,3,False
2024,H3959,035,AZ,WEST,DSNP,D,1,False
2024,H3959,036,MD,NORTHEAST,DSNP,D,9,False
2024,H3959,036,IN,CENTRAL,DSNP,D,3,False
2024,H3959,036,CT,NORTHEAST,DSNP,D,4,False
2024,H3959,036,RI,NORTHEAST,DSNP,D,1,False
2024,H3959,036,SC,SOUTHEAST,DSNP,D,6,False
2024,H3959,036,NV,WEST,DSNP,D,1,False
2024,H3959,036,AL,SOUTHEAST,DSNP,D,6,False
2024,H3959,036,IA,CENTRAL,DSNP,D,2,False
2024,H3959,036,FL,SOUTHEAST,DSNP,D,37,False
2024,H3959,036,AZ,WEST,DSNP,D,2,False
2024,H3959,036,KY,CENTRAL,DSNP,D,7,False
2024,H3959,036,IL,CENTRAL,DSNP,D,3,False
2024,H3959,036,NY,NORTHEAST,DSNP,D,26,False
2024,H3959,036,NC,SOUTHEAST,DSNP,D,8,False
2024,H3959,036,DC,NORTHEAST,DSNP,D,2,False
2024,H3959,036,VA,NORTHEAST,DSNP,D,5,False
2024,H3959,036,UT,WEST,DSNP,D,2,False
2024,H3959,036,AK,WEST,DSNP,D,1,False
2024,H3959,036,LA,SOUTHEAST,DSNP,D,1,False
2024,H3959,036,MO,CENTRAL,DSNP,D,3,False
2024,H3959,036,TX,CENTRAL,DSNP,D,7,False
2024,H3959,036,NJ,NORTHEAST,DSNP,D,16,False
2024,H3959,036,WY,WEST,DSNP,D,1,False
2024,H3959,036,TN,SOUTHEAST,DSNP,D,2,False
2024,H3959,036,ME,NORTHEAST,DSNP,D,2,False
2024,H3959,036,WV,NORTHEAST,DSNP,D,12,False
2024,H3959,036,NH,NORTHEAST,DSNP,D,1,False
2024,H3959,036,WI,CENTRAL,DSNP,D,2,False
2024,H3959,036,MI,CENTRAL,DSNP,D,6,False
2024,H3959,036,KS,CENTRAL,DSNP,D,1,False
2024,H3959,036,MA,NORTHEAST,DSNP,D,5,False
2024,H3959,036,GA,SOUTHEAST,DSNP,D,2,False
2024,H3959,036,PA,NORTHEAST,DSNP,D,28145,True
2024,H3959,036,PR,PUERTORICO,DSNP,D,5,False
2024,H3959,036,OH,CENTRAL,DSNP,D,17,False
2024,H3959,036,CA,WEST,DSNP,D,2,False
2024,H3959,036,CO,CENTRAL,DSNP,D,1,False
2024,H3959,063,MD,NORTHEAST,DSNP,D,4,False
2024,H3959,063,ND,CENTRAL,DSNP,D,1,False
2024,H3959,063,ID,WEST,DSNP,D,1,False
2024,H3959,063,GA,SOUTHEAST,DSNP,D,1,False
2024,H3959,063,SC,SOUTHEAST,DSNP,D,1,False
2024,H3959,063,TX,CENTRAL,DSNP,D,1,False
2024,H3959,063,PA,NORTHEAST,DSNP,D,5,False
2024,H3959,063,NJ,NORTHEAST,DSNP,D,2,False
2024,H3959,063,NC,SOUTHEAST,DSNP,D,2,False
2024,H3959,063,CT,NORTHEAST,DSNP,D,1,False
2024,H3959,063,DE,NORTHEAST,DSNP,D,2885,True
2024,H3959,063,WV,NORTHEAST,DSNP,D,1,False
2024,H3959,063,CA,WEST,DSNP,D,1,False
2024,H3959,063,FL,SOUTHEAST,DSNP,D,1,False
2024,H3959,066,PA,NORTHEAST,ISNP,I,563,True
2024,H4711,011,WV,NORTHEAST,DSNP,D,1,False
2024,H4711,011,NY,NORTHEAST,DSNP,D,1,False
2024,H4711,011,UT,WEST,DSNP,D,1,False
2024,H4711,011,NV,WEST,DSNP,D,3458,True
2024,H4711,011,AZ,WEST,DSNP,D,2,False
2024,H4711,011,WI,CENTRAL,DSNP,D,1,False
2024,H4711,011,WA,WEST,DSNP,D,2,False
2024,H4711,011,WY,WEST,DSNP,D,1,False
2024,H4711,011,TX,CENTRAL,DSNP,D,2,False
2024,H4711,011,NM,CENTRAL,DSNP,D,2,False
2024,H4711,011,NJ,NORTHEAST,DSNP,D,1,False
2024,H4711,011,AR,SOUTHEAST,DSNP,D,2,False
2024,H4711,011,OH,CENTRAL,DSNP,D,4,False
2024,H4711,011,CA,WEST,DSNP,D,21,False
2024,H4711,011,MI,CENTRAL,DSNP,D,1,False
2024,H4711,011,CO,CENTRAL,DSNP,D,1,False
2024,H4711,011,FL,SOUTHEAST,DSNP,D,2,False
2024,H4711,011,IL,CENTRAL,DSNP,D,3,False
2024,H4711,011,DE,NORTHEAST,DSNP,D,1,False
2024,H4711,011,LA,SOUTHEAST,DSNP,D,1,False
2024,H4711,012,AZ,WEST,DSNP,D,3,False
2024,H4711,012,OH,CENTRAL,DSNP,D,2,False
2024,H4711,012,IL,CENTRAL,DSNP,D,1,False
2024,H4711,012,GA,SOUTHEAST,DSNP,D,2,False
2024,H4711,012,MI,CENTRAL,DSNP,D,1,False
2024,H4711,012,MN,CENTRAL,DSNP,D,1,False
2024,H4711,012,OK,CENTRAL,DSNP,D,1,False
2024,H4711,012,TN,SOUTHEAST,DSNP,D,1,False
2024,H4711,012,MS,SOUTHEAST,DSNP,D,1,False
2024,H4711,012,IA,CENTRAL,DSNP,D,1,False
2024,H4711,012,KS,CENTRAL,DSNP,D,2,False
2024,H4711,012,NC,SOUTHEAST,DSNP,D,3,False
2024,H4711,012,TX,CENTRAL,DSNP,D,6,False
2024,H4711,012,LA,SOUTHEAST,DSNP,D,1,False
2024,H4711,012,NV,WEST,DSNP,D,3,False
2024,H4711,012,MA,NORTHEAST,DSNP,D,2,False
2024,H4711,012,DE,NORTHEAST,DSNP,D,1,False
2024,H4711,012,SD,CENTRAL,DSNP,D,1,False
2024,H4711,012,WY,WEST,DSNP,D,2,False
2024,H4711,012,CA,WEST,DSNP,D,8,False
2024,H4711,012,WA,WEST,DSNP,D,2,False
2024,H4711,012,NM,CENTRAL,DSNP,D,6,False
2024,H4711,012,FL,SOUTHEAST,DSNP,D,6,False
2024,H4711,012,UT,WEST,DSNP,D,1,False
2024,H4711,012,CO,CENTRAL,DSNP,D,8630,True
2024,H4711,012,NE,CENTRAL,DSNP,D,2,False
2024,H4711,012,WI,CENTRAL,DSNP,D,1,False
2024,H4711,012,PA,NORTHEAST,DSNP,D,1,False
2024,H4711,012,MO,CENTRAL,DSNP,D,4,False
2024,H4711,012,DC,NORTHEAST,DSNP,D,1,False
2024,H4711,013,NM,CENTRAL,DSNP,D,1,False
2024,H4711,013,NV,WEST,DSNP,D,1386,True
2024,H4711,013,MI,CENTRAL,DSNP,D,1,False
2024,H4711,013,CO,CENTRAL,DSNP,D,1,False
2024,H4711,013,WA,WEST,DSNP,D,2,False
2024,H4711,013,OR,WEST,DSNP,D,2,False
2024,H4711,013,CA,WEST,DSNP,D,7,False
2024,H4711,013,TX,CENTRAL,DSNP,D,3,False
2024,H4711,013,AZ,WEST,DSNP,D,1,False
2024,H4711,013,FL,SOUTHEAST,DSNP,D,2,False
2024,H4982,008,TX,CENTRAL,DSNP,D,1,False
2024,H4982,008,MI,CENTRAL,DSNP,D,2,False
2024,H4982,008,MD,NORTHEAST,DSNP,D,1,False
2024,H4982,008,CA,WEST,DSNP,D,2057,True
2024,H4982,008,WA,WEST,DSNP,D,1,False
2024,H4982,009,VA,NORTHEAST,DSNP,D,1,False
2024,H4982,009,CA,WEST,DSNP,D,927,True
2024,H5302,012,SC,SOUTHEAST,DSNP,D,4,False
2024,H5302,012,TX,CENTRAL,DSNP,D,4,False
2024,H5302,012,FL,SOUTHEAST,DSNP,D,24,False
2024,H5302,012,MI,CENTRAL,DSNP,D,3,False
2024,H5302,012,CA,WEST,DSNP,D,3,False
2024,H5302,012,MN,CENTRAL,DSNP,D,1,False
2024,H5302,012,AL,SOUTHEAST,DSNP,D,10,False
2024,H5302,012,OH,CENTRAL,DSNP,D,2,False
2024,H5302,012,LA,SOUTHEAST,DSNP,D,1,False
2024,H5302,012,TN,SOUTHEAST,DSNP,D,1,False
2024,H5302,012,AZ,WEST,DSNP,D,1,False
2024,H5302,012,IL,CENTRAL,DSNP,D,5,False
2024,H5302,012,ND,CENTRAL,DSNP,D,2,False
2024,H5302,012,MS,SOUTHEAST,DSNP,D,2,False
2024,H5302,012,VA,NORTHEAST,DSNP,D,2,False
2024,H5302,012,NY,NORTHEAST,DSNP,D,6,False
2024,H5302,012,IN,CENTRAL,DSNP,D,3,False
2024,H5302,012,NJ,NORTHEAST,DSNP,D,6,False
2024,H5302,012,CO,CENTRAL,DSNP,D,1,False
2024,H5302,012,OK,CENTRAL,DSNP,D,1,False
2024,H5302,012,NC,SOUTHEAST,DSNP,D,3,False
2024,H5302,012,GA,SOUTHEAST,DSNP,D,8614,True
2024,H5302,012,KY,CENTRAL,DSNP,D,2,False
2024,H5302,012,NV,WEST,DSNP,D,3,False
2024,H5302,012,WI,CENTRAL,DSNP,D,1,False
2024,H5302,012,MO,CENTRAL,DSNP,D,1,False
2024,H5302,012,PA,NORTHEAST,DSNP,D,8,False
2024,H5302,013,CA,WEST,DSNP,D,2,False
2024,H5302,013,NY,NORTHEAST,DSNP,D,1,False
2024,H5302,013,WY,WEST,DSNP,D,1,False
2024,H5302,013,TN,SOUTHEAST,DSNP,D,2,False
2024,H5302,013,WV,NORTHEAST,DSNP,D,1,False
2024,H5302,013,OH,CENTRAL,DSNP,D,1,False
2024,H5302,013,AR,SOUTHEAST,DSNP,D,1,False
2024,H5302,013,GA,SOUTHEAST,DSNP,D,4238,True
2024,H5302,013,NV,WEST,DSNP,D,1,False
2024,H5302,013,AL,SOUTHEAST,DSNP,D,8,False
2024,H5302,013,FL,SOUTHEAST,DSNP,D,2,False
2024,H5302,014,OH,CENTRAL,DSNP,D,1,False
2024,H5302,014,SC,SOUTHEAST,DSNP,D,3,False
2024,H5302,014,TN,SOUTHEAST,DSNP,D,1,False
2024,H5302,014,MI,CENTRAL,DSNP,D,1,False
2024,H5302,014,FL,SOUTHEAST,DSNP,D,2,False
2024,H5302,014,GA,SOUTHEAST,DSNP,D,1508,True
2024,H5302,014,NC,SOUTHEAST,DSNP,D,2,False
2024,H5302,014,MN,CENTRAL,DSNP,D,1,False
2024,H5302,014,AL,SOUTHEAST,DSNP,D,1,False
2024,H5302,014,WV,NORTHEAST,DSNP,D,1,False
2024,H5302,014,NY,NORTHEAST,DSNP,D,1,False
2024,H5302,020,AL,SOUTHEAST,DSNP,D,1,False
2024,H5302,020,GA,SOUTHEAST,DSNP,D,440,True
2024,H5325,001,KS,CENTRAL,DSNP,D,3311,True
2024,H5325,001,OH,CENTRAL,DSNP,D,2,False
2024,H5325,001,NV,WEST,DSNP,D,1,False
2024,H5325,001,OK,CENTRAL,DSNP,D,1,False
2024,H5325,001,MO,CENTRAL,DSNP,D,13,False
2024,H5325,001,IL,CENTRAL,DSNP,D,1,False
2024,H5325,001,TX,CENTRAL,DSNP,D,3,False
2024,H5325,001,AZ,WEST,DSNP,D,1,False
2024,H5325,002,CA,WEST,DSNP,D,1,False
2024,H5325,002,OK,CENTRAL,DSNP,D,3,False
2024,H5325,002,CO,CENTRAL,DSNP,D,1,False
2024,H5325,002,OR,WEST,DSNP,D,1,False
2024,H5325,002,AR,SOUTHEAST,DSNP,D,1,False
2024,H5325,002,DE,NORTHEAST,DSNP,D,1,False
2024,H5325,002,KS,CENTRAL,DSNP,D,2047,True
2024,H5325,002,TX,CENTRAL,DSNP,D,1,False
2024,H5325,003,MI,CENTRAL,DSNP,D,1,False
2024,H5325,003,IL,CENTRAL,DSNP,D,1,False
2024,H5325,003,MO,CENTRAL,DSNP,D,5172,True
2024,H5325,003,KS,CENTRAL,DSNP,D,16,False
2024,H5325,003,IA,CENTRAL,DSNP,D,3,False
2024,H5325,003,OK,CENTRAL,DSNP,D,2,False
2024,H5325,003,MS,SOUTHEAST,DSNP,D,1,False
2024,H5325,003,CA,WEST,DSNP,D,3,False
2024,H5325,003,CO,CENTRAL,DSNP,D,1,False
2024,H5325,003,FL,SOUTHEAST,DSNP,D,3,False
2024,H5325,003,NY,NORTHEAST,DSNP,D,1,False
2024,H5325,003,AR,SOUTHEAST,DSNP,D,2,False
2024,H5325,003,TX,CENTRAL,DSNP,D,2,False
2024,H5325,003,NV,WEST,DSNP,D,1,False
2024,H5325,003,NC,SOUTHEAST,DSNP,D,1,False
2024,H5325,003,MN,CENTRAL,DSNP,D,1,False
2024,H5325,003,SD,CENTRAL,DSNP,D,1,False
2024,H5325,003,WA,WEST,DSNP,D,1,False
2024,H5325,004,SC,SOUTHEAST,DSNP,D,1,False
2024,H5325,004,KS,CENTRAL,DSNP,D,9,False
2024,H5325,004,OK,CENTRAL,DSNP,D,3,False
2024,H5325,004,OR,WEST,DSNP,D,1,False
2024,H5325,004,WA,WEST,DSNP,D,1,False
2024,H5325,004,MN,CENTRAL,DSNP,D,2,False
2024,H5325,004,MA,NORTHEAST,DSNP,D,1,False
2024,H5325,004,PR,PUERTORICO,DSNP,D,1,False
2024,H5325,004,LA,SOUTHEAST,DSNP,D,1,False
2024,H5325,004,MO,CENTRAL,DSNP,D,4632,True
2024,H5325,004,FL,SOUTHEAST,DSNP,D,2,False
2024,H5325,004,CA,WEST,DSNP,D,3,False
2024,H5325,004,VA,NORTHEAST,DSNP,D,1,False
2024,H5325,004,AZ,WEST,DSNP,D,3,False
2024,H5325,004,MI,CENTRAL,DSNP,D,1,False
2024,H5325,004,AR,SOUTHEAST,DSNP,D,4,False
2024,H5325,004,TX,CENTRAL,DSNP,D,1,False
2024,H5325,005,OH,CENTRAL,DSNP,D,2,False
2024,H5325,005,KY,CENTRAL,DSNP,D,3,False
2024,H5325,005,TN,SOUTHEAST,DSNP,D,2,False
2024,H5325,005,CA,WEST,DSNP,D,3,False
2024,H5325,005,LA,SOUTHEAST,DSNP,D,2,False
2024,H5325,005,PA,NORTHEAST,DSNP,D,1,False
2024,H5325,005,OK,CENTRAL,DSNP,D,1,False
2024,H5325,005,MO,CENTRAL,DSNP,D,7450,True
2024,H5325,005,FL,SOUTHEAST,DSNP,D,1,False
2024,H5325,005,TX,CENTRAL,DSNP,D,5,False
2024,H5325,005,AR,SOUTHEAST,DSNP,D,4,False
2024,H5325,005,AZ,WEST,DSNP,D,1,False
2024,H5325,005,CO,CENTRAL,DSNP,D,1,False
2024,H5325,005,MN,CENTRAL,DSNP,D,3,False
2024,H5325,005,IA,CENTRAL,DSNP,D,2,False
2024,H5325,005,WA,WEST,DSNP,D,1,False
2024,H5325,005,AK,WEST,DSNP,D,1,False
2024,H5325,005,MI,CENTRAL,DSNP,D,4,False
2024,H5325,005,MS,SOUTHEAST,DSNP,D,1,False
2024,H5325,005,IL,CENTRAL,DSNP,D,12,False
2024,H5325,006,MI,CENTRAL,DSNP,D,1,False
2024,H5325,006,TN,SOUTHEAST,DSNP,D,2,False
2024,H5325,006,MS,SOUTHEAST,DSNP,D,2,False
2024,H5325,006,OH,CENTRAL,DSNP,D,2,False
2024,H5325,006,FL,SOUTHEAST,DSNP,D,2,False
2024,H5325,006,KY,CENTRAL,DSNP,D,1,False
2024,H5325,006,CA,WEST,DSNP,D,1,False
2024,H5325,006,OK,CENTRAL,DSNP,D,3,False
2024,H5325,006,KS,CENTRAL,DSNP,D,1,False
2024,H5325,006,LA,SOUTHEAST,DSNP,D,1,False
2024,H5325,006,PA,NORTHEAST,DSNP,D,1,False
2024,H5325,006,AL,SOUTHEAST,DSNP,D,1,False
2024,H5325,006,AZ,WEST,DSNP,D,1,False
2024,H5325,006,IA,CENTRAL,DSNP,D,1,False
2024,H5325,006,MO,CENTRAL,DSNP,D,5568,True
2024,H5325,006,IL,CENTRAL,DSNP,D,7,False
2024,H5325,006,AR,SOUTHEAST,DSNP,D,5,False
2024,H5325,006,MN,CENTRAL,DSNP,D,1,False
2024,H5325,006,TX,CENTRAL,DSNP,D,2,False
2024,H5325,007,IN,CENTRAL,DSNP,D,3,False
2024,H5325,007,OR,WEST,DSNP,D,1,False
2024,H5325,007,AR,SOUTHEAST,DSNP,D,4586,True
2024,H5325,007,MO,CENTRAL,DSNP,D,6,False
2024,H5325,007,NC,SOUTHEAST,DSNP,D,1,False
2024,H5325,007,TN,SOUTHEAST,DSNP,D,3,False
2024,H5325,007,IA,CENTRAL,DSNP,D,1,False
2024,H5325,007,LA,SOUTHEAST,DSNP,D,2,False
2024,H5325,007,WI,CENTRAL,DSNP,D,1,False
2024,H5325,007,CA,WEST,DSNP,D,3,False
2024,H5325,007,AL,SOUTHEAST,DSNP,D,2,False
2024,H5325,007,KS,CENTRAL,DSNP,D,1,False
2024,H5325,007,ID,WEST,DSNP,D,2,False
2024,H5325,007,IL,CENTRAL,DSNP,D,3,False
2024,H5325,007,GA,SOUTHEAST,DSNP,D,1,False
2024,H5325,007,NV,WEST,DSNP,D,2,False
2024,H5325,007,TX,CENTRAL,DSNP,D,5,False
2024,H5325,007,WV,NORTHEAST,DSNP,D,1,False
2024,H5325,007,FL,SOUTHEAST,DSNP,D,4,False
2024,H5325,007,PA,NORTHEAST,DSNP,D,1,False
2024,H5325,007,OK,CENTRAL,DSNP,D,9,False
2024,H5325,007,NE,CENTRAL,DSNP,D,1,False
2024,H5325,009,KS,CENTRAL,DSNP,D,263,True
2024,H5325,009,CA,WEST,DSNP,D,1,False
2024,H5325,009,VA,NORTHEAST,DSNP,D,1,False
2024,H5325,010,DC,NORTHEAST,DSNP,D,1,False
2024,H5325,010,TX,CENTRAL,DSNP,D,5,False
2024,H5325,010,CA,WEST,DSNP,D,2,False
2024,H5325,010,MI,CENTRAL,DSNP,D,1,False
2024,H5325,010,TN,SOUTHEAST,DSNP,D,1,False
2024,H5325,010,GA,SOUTHEAST,DSNP,D,1,False
2024,H5325,010,CO,CENTRAL,DSNP,D,1,False
2024,H5325,010,MS,SOUTHEAST,DSNP,D,1,False
2024,H5325,010,AR,SOUTHEAST,DSNP,D,1835,True
2024,H5325,010,IL,CENTRAL,DSNP,D,1,False
2024,H5325,011,NV,WEST,DSNP,D,1,False
2024,H5325,011,OK,CENTRAL,DSNP,D,1,False
2024,H5325,011,AR,SOUTHEAST,DSNP,D,836,True
2024,H5325,011,NM,CENTRAL,DSNP,D,1,False
2024,H5521,398,PA,NORTHEAST,DSNP,D,1,False
2024,H5521,398,GA,SOUTHEAST,DSNP,D,1,False
2024,H5521,398,CA,WEST,DSNP,D,2,False
2024,H5521,398,NV,WEST,DSNP,D,1,False
2024,H5521,398,UT,WEST,DSNP,D,1066,True
2024,H5521,398,MS,SOUTHEAST,DSNP,D,1,False
2024,H5521,398,WA,WEST,DSNP,D,1,False
2024,H5521,461,NY,NORTHEAST,ISNP,I,1422,True
2024,H5521,462,LA,SOUTHEAST,DSNP,D,1,False
2024,H5521,462,AL,SOUTHEAST,DSNP,D,3711,True
2024,H5521,462,IL,CENTRAL,DSNP,D,1,False
2024,H5521,462,GA,SOUTHEAST,DSNP,D,5,False
2024,H5521,462,MO,CENTRAL,DSNP,D,1,False
2024,H5521,462,NV,WEST,DSNP,D,1,False
2024,H5521,462,IA,CENTRAL,DSNP,D,1,False
2024,H5521,462,MS,SOUTHEAST,DSNP,D,2,False
2024,H5521,462,TN,SOUTHEAST,DSNP,D,1,False
2024,H5521,462,MN,CENTRAL,DSNP,D,1,False
2024,H5521,462,WY,WEST,DSNP,D,1,False
2024,H5521,462,KY,CENTRAL,DSNP,D,1,False
2024,H5521,462,PA,NORTHEAST,DSNP,D,1,False
2024,H5521,462,TX,CENTRAL,DSNP,D,1,False
2024,H5521,462,MI,CENTRAL,DSNP,D,1,False
2024,H5521,462,FL,SOUTHEAST,DSNP,D,3,False
2024,H5521,463,AR,SOUTHEAST,DSNP,D,1,False
2024,H5521,463,AL,SOUTHEAST,DSNP,D,1652,True
2024,H5521,463,LA,SOUTHEAST,DSNP,D,1,False
2024,H5521,463,WY,WEST,DSNP,D,1,False
2024,H5521,463,VA,NORTHEAST,DSNP,D,1,False
2024,H5521,463,NC,SOUTHEAST,DSNP,D,2,False
2024,H5521,463,TN,SOUTHEAST,DSNP,D,2,False
2024,H5521,463,FL,SOUTHEAST,DSNP,D,1,False
2024,H5521,463,SC,SOUTHEAST,DSNP,D,1,False
2024,H5521,463,GA,SOUTHEAST,DSNP,D,2,False
2024,H5521,464,TX,CENTRAL,DSNP,D,3,False
2024,H5521,464,MS,SOUTHEAST,DSNP,D,2449,True
2024,H5521,464,LA,SOUTHEAST,DSNP,D,2,False
2024,H5521,464,IL,CENTRAL,DSNP,D,2,False
2024,H5521,464,AZ,WEST,DSNP,D,1,False
2024,H5521,464,PA,NORTHEAST,DSNP,D,1,False
2024,H5521,464,WA,WEST,DSNP,D,1,False
2024,H5521,464,FL,SOUTHEAST,DSNP,D,2,False
2024,H5521,464,OK,CENTRAL,DSNP,D,2,False
2024,H5521,465,LA,SOUTHEAST,DSNP,D,1,False
2024,H5521,465,TX,CENTRAL,DSNP,D,2,False
2024,H5521,465,AR,SOUTHEAST,DSNP,D,1,False
2024,H5521,465,GA,SOUTHEAST,DSNP,D,1,False
2024,H5521,465,MS,SOUTHEAST,DSNP,D,2827,True
2024,H5521,465,WV,NORTHEAST,DSNP,D,1,False
2024,H5521,465,TN,SOUTHEAST,DSNP,D,4,False
2024,H5521,465,MN,CENTRAL,DSNP,D,1,False
2024,H5521,465,PA,NORTHEAST,DSNP,D,1,False
2024,H5521,465,AL,SOUTHEAST,DSNP,D,1,False
2024,H5521,465,IL,CENTRAL,DSNP,D,1,False
2024,H5521,468,IN,CENTRAL,DSNP,D,1,False
2024,H5521,468,LA,SOUTHEAST,DSNP,D,1464,True
2024,H5521,468,MS,SOUTHEAST,DSNP,D,1,False
2024,H5521,468,NV,WEST,DSNP,D,1,False
2024,H5521,468,FL,SOUTHEAST,DSNP,D,1,False
2024,H5521,469,AR,SOUTHEAST,DSNP,D,3,False
2024,H5521,469,MS,SOUTHEAST,DSNP,D,1,False
2024,H5521,469,TX,CENTRAL,DSNP,D,8,False
2024,H5521,469,LA,SOUTHEAST,DSNP,D,2406,True
2024,H5521,472,IL,CENTRAL,DSNP,D,1,False
2024,H5521,472,GA,SOUTHEAST,DSNP,D,1,False
2024,H5521,472,TX,CENTRAL,DSNP,D,3,False
2024,H5521,472,CA,WEST,DSNP,D,1,False
2024,H5521,472,TN,SOUTHEAST,DSNP,D,1,False
2024,H5521,472,NC,SOUTHEAST,DSNP,D,1,False
2024,H5521,472,LA,SOUTHEAST,DSNP,D,2259,True
2024,H5521,472,KY,CENTRAL,DSNP,D,1,False
2024,H5521,472,MS,SOUTHEAST,DSNP,D,4,False
2024,H5521,473,TN,SOUTHEAST,DSNP,D,1,False
2024,H5521,473,FL,SOUTHEAST,DSNP,D,1,False
2024,H5521,473,MS,SOUTHEAST,DSNP,D,1,False
2024,H5521,473,LA,SOUTHEAST,DSNP,D,1398,True
2024,H5521,473,CA,WEST,DSNP,D,1,False
2024,H5521,473,TX,CENTRAL,DSNP,D,1,False
2024,H5521,473,OH,CENTRAL,DSNP,D,1,False
2024,H5522,024,AL,SOUTHEAST,DSNP,D,1,False
2024,H5522,024,KS,CENTRAL,DSNP,D,1,False
2024,H5522,024,FL,SOUTHEAST,DSNP,D,2,False
2024,H5522,024,TN,SOUTHEAST,DSNP,D,1,False
2024,H5522,024,NJ,NORTHEAST,DSNP,D,1,False
2024,H5522,024,OH,CENTRAL,DSNP,D,1,False
2024,H5522,024,PA,NORTHEAST,DSNP,D,1718,True
2024,H5522,024,NY,NORTHEAST,DSNP,D,1,False
2024,H5593,001,FL,SOUTHEAST,DSNP,D,1,False
2024,H5593,001,MO,CENTRAL,DSNP,D,3,False
2024,H5593,001,IL,CENTRAL,DSNP,D,5,False
2024,H5593,001,MS,SOUTHEAST,DSNP,D,1,False
2024,H5593,001,NE,CENTRAL,DSNP,D,4,False
2024,H5593,001,MN,CENTRAL,DSNP,D,1,False
2024,H5593,001,ND,CENTRAL,DSNP,D,1,False
2024,H5593,001,MI,CENTRAL,DSNP,D,1,False
2024,H5593,001,OH,CENTRAL,DSNP,D,1,False
2024,H5593,001,CO,CENTRAL,DSNP,D,1,False
2024,H5593,001,IA,CENTRAL,DSNP,D,3047,True
2024,H5593,001,PA,NORTHEAST,DSNP,D,1,False
2024,H5593,001,CA,WEST,DSNP,D,2,False
2024,H5793,017,NV,WEST,DSNP,D,2,False
2024,H5793,017,NC,SOUTHEAST,DSNP,D,2,False
2024,H5793,017,CA,WEST,DSNP,D,1,False
2024,H5793,017,SC,SOUTHEAST,DSNP,D,4,False
2024,H5793,017,NY,NORTHEAST,DSNP,D,4,False
2024,H5793,017,LA,SOUTHEAST,DSNP,D,1,False
2024,H5793,017,RI,NORTHEAST,DSNP,D,2,False
2024,H5793,017,MI,CENTRAL,DSNP,D,1,False
2024,H5793,017,VA,NORTHEAST,DSNP,D,2,False
2024,H5793,017,CT,NORTHEAST,DSNP,D,5583,True
2024,H5793,017,MA,NORTHEAST,DSNP,D,5,False
2024,H5793,017,WI,CENTRAL,DSNP,D,1,False
2024,H5793,017,FL,SOUTHEAST,DSNP,D,8,False
2024,H5793,017,OH,CENTRAL,DSNP,D,1,False
2024,H5793,017,GA,SOUTHEAST,DSNP,D,3,False
2024,H5793,017,TX,CENTRAL,DSNP,D,1,False
2024,H5793,017,NJ,NORTHEAST,DSNP,D,2,False
2024,H5793,020,WA,WEST,DSNP,D,1,False
2024,H5793,020,VA,NORTHEAST,DSNP,D,3,False
2024,H5793,020,CT,NORTHEAST,DSNP,D,12833,True
2024,H5793,020,ME,NORTHEAST,DSNP,D,2,False
2024,H5793,020,PR,PUERTORICO,DSNP,D,1,False
2024,H5793,020,VT,NORTHEAST,DSNP,D,1,False
2024,H5793,020,MA,NORTHEAST,DSNP,D,6,False
2024,H5793,020,FL,SOUTHEAST,DSNP,D,9,False
2024,H5793,020,SC,SOUTHEAST,DSNP,D,1,False
2024,H5793,020,CA,WEST,DSNP,D,1,False
2024,H5793,020,MD,NORTHEAST,DSNP,D,1,False
2024,H5793,020,RI,NORTHEAST,DSNP,D,1,False
2024,H5793,020,NC,SOUTHEAST,DSNP,D,4,False
2024,H5793,020,OH,CENTRAL,DSNP,D,1,False
2024,H5793,020,PA,NORTHEAST,DSNP,D,2,False
2024,H5793,020,IA,CENTRAL,DSNP,D,1,False
2024,H5793,020,NY,NORTHEAST,DSNP,D,8,False
2024,H5793,020,LA,SOUTHEAST,DSNP,D,1,False
2024,H5793,020,NH,NORTHEAST,DSNP,D,1,False
2024,H5793,020,TX,CENTRAL,DSNP,D,3,False
2024,H6399,001,NJ,NORTHEAST,DSNP(FIDE),F,7610,True
2024,H6399,001,NJ,Unidentified_MA_Region,DSNP(FIDE),F,88,False
2024,H7149,006,IA,CENTRAL,DSNP,D,3,False
2024,H7149,006,TX,CENTRAL,DSNP,D,3,False
2024,H7149,006,NE,CENTRAL,DSNP,D,1011,True
2024,H7149,006,SD,Unidentified_MA_Region,DSNP,D,1,False
2024,H7149,006,AZ,WEST,DSNP,D,1,False
2024,H7149,006,AR,SOUTHEAST,DSNP,D,1,False
2024,H7149,006,ND,CENTRAL,DSNP,D,1,False
2024,H7149,006,SC,SOUTHEAST,DSNP,D,1,False
2024,H8597,001,WY,WEST,DSNP,D,1,False
2024,H8597,001,WA,WEST,DSNP,D,2,False
2024,H8597,001,NY,NORTHEAST,DSNP,D,2,False
2024,H8597,001,KY,CENTRAL,DSNP,D,1,False
2024,H8597,001,LA,SOUTHEAST,DSNP,D,5,False
2024,H8597,001,FL,SOUTHEAST,DSNP,D,6,False
2024,H8597,001,CO,CENTRAL,DSNP,D,3,False
2024,H8597,001,PA,NORTHEAST,DSNP,D,2,False
2024,H8597,001,IL,CENTRAL,DSNP,D,3,False
2024,H8597,001,MS,SOUTHEAST,DSNP,D,4,False
2024,H8597,001,IA,CENTRAL,DSNP,D,1,False
2024,H8597,001,OK,CENTRAL,DSNP,D,5,False
2024,H8597,001,CA,WEST,DSNP,D,6,False
2024,H8597,001,SC,SOUTHEAST,DSNP,D,1,False
2024,H8597,001,IN,CENTRAL,DSNP,D,1,False
2024,H8597,001,NV,WEST,DSNP,D,2,False
2024,H8597,001,AZ,WEST,DSNP,D,4,False
2024,H8597,001,TX,CENTRAL,DSNP,D,24032,True
2024,H8597,001,NM,CENTRAL,DSNP,D,1,False
2024,H8597,001,MI,CENTRAL,DSNP,D,3,False
2024,H8597,001,MO,CENTRAL,DSNP,D,5,False
2024,H8597,001,AR,SOUTHEAST,DSNP,D,6,False
2024,H8597,001,VA,NORTHEAST,DSNP,D,3,False
2024,H8597,001,GA,SOUTHEAST,DSNP,D,1,False
2024,H8597,001,OH,CENTRAL,DSNP,D,3,False
2024,H8597,001,HI,WEST,DSNP,D,2,False
2024,H8597,001,NC,SOUTHEAST,DSNP,D,1,False
2024,H8597,002,WA,WEST,DSNP,D,3,False
2024,H8597,002,LA,SOUTHEAST,DSNP,D,6,False
2024,H8597,002,NV,WEST,DSNP,D,1,False
2024,H8597,002,VA,NORTHEAST,DSNP,D,1,False
2024,H8597,002,NJ,NORTHEAST,DSNP,D,1,False
2024,H8597,002,MS,SOUTHEAST,DSNP,D,1,False
2024,H8597,002,NM,CENTRAL,DSNP,D,1,False
2024,H8597,002,OK,CENTRAL,DSNP,D,9,False
2024,H8597,002,TX,CENTRAL,DSNP,D,10217,True
2024,H8597,002,AZ,WEST,DSNP,D,3,False
2024,H8597,002,AR,SOUTHEAST,DSNP,D,4,False
2024,H8597,002,FL,SOUTHEAST,DSNP,D,4,False
2024,H8597,002,CA,WEST,DSNP,D,10,False
2024,H8597,002,OR,WEST,DSNP,D,2,False
2024,H8597,002,MO,CENTRAL,DSNP,D,6,False
2024,H8597,002,NE,CENTRAL,DSNP,D,1,False
2024,H8597,002,GA,SOUTHEAST,DSNP,D,2,False
2024,H8597,002,PR,PUERTORICO,DSNP,D,1,False
2024,H8597,002,HI,WEST,DSNP,D,1,False
2024,H8597,002,UT,WEST,DSNP,D,1,False
2024,H8597,002,CO,CENTRAL,DSNP,D,1,False
2024,H8597,002,WY,WEST,DSNP,D,1,False
2024,H8597,002,PA,NORTHEAST,DSNP,D,1,False
2024,H8597,002,IN,CENTRAL,DSNP,D,1,False
2024,H8597,002,IL,CENTRAL,DSNP,D,2,False
2024,H8597,002,AL,SOUTHEAST,DSNP,D,1,False
2024,H8597,002,MD,NORTHEAST,DSNP,D,1,False
2024,H8597,002,TN,SOUTHEAST,DSNP,D,2,False
2024,H8597,002,KS,CENTRAL,DSNP,D,1,False
2024,H8597,003,ID,WEST,DSNP,D,2,False
2024,H8597,003,ND,CENTRAL,DSNP,D,1,False
2024,H8597,003,IL,CENTRAL,DSNP,D,2,False
2024,H8597,003,TN,SOUTHEAST,DSNP,D,2,False
2024,H8597,003,NC,SOUTHEAST,DSNP,D,2,False
2024,H8597,003,WI,CENTRAL,DSNP,D,1,False
2024,H8597,003,TX,CENTRAL,DSNP,D,10164,True
2024,H8597,003,NV,WEST,DSNP,D,1,False
2024,H8597,003,OK,CENTRAL,DSNP,D,1,False
2024,H8597,003,NY,NORTHEAST,DSNP,D,1,False
2024,H8597,003,MI,CENTRAL,DSNP,D,4,False
2024,H8597,003,WA,WEST,DSNP,D,3,False
2024,H8597,003,HI,WEST,DSNP,D,1,False
2024,H8597,003,AR,SOUTHEAST,DSNP,D,1,False
2024,H8597,003,MD,NORTHEAST,DSNP,D,1,False
2024,H8597,003,LA,SOUTHEAST,DSNP,D,12,False
2024,H8597,003,CA,WEST,DSNP,D,3,False
2024,H8597,003,AK,WEST,DSNP,D,1,False
2024,H8597,003,MO,CENTRAL,DSNP,D,3,False
2024,H8597,003,IA,CENTRAL,DSNP,D,1,False
2024,H8597,003,GA,SOUTHEAST,DSNP,D,1,False
2024,H8597,003,KY,CENTRAL,DSNP,D,2,False
2024,H8597,003,NE,CENTRAL,DSNP,D,3,False
2024,H8649,010,IL,CENTRAL,DSNP,D,1,False
2024,H8649,010,NY,NORTHEAST,DSNP,D,1,False
2024,H8649,010,UT,WEST,DSNP,D,205,True
2024,H8649,010,AZ,WEST,DSNP,D,1,False
2024,H8649,010,NV,WEST,DSNP,D,2,False
2024,H8649,010,CO,CENTRAL,DSNP,D,1,False
2025,H0628,012,PA,NORTHEAST,DSNP,D,1,False
2025,H0628,012,IL,CENTRAL,DSNP,D,2,False
2025,H0628,012,IN,CENTRAL,DSNP,D,4,False
2025,H0628,012,MD,NORTHEAST,DSNP,D,2,False
2025,H0628,012,TX,CENTRAL,DSNP,D,1,False
2025,H0628,012,OH,CENTRAL,DSNP,D,5,False
2025,H0628,012,AR,SOUTHEAST,DSNP,D,1,False
2025,H0628,012,MS,SOUTHEAST,DSNP,D,1,False
2025,H0628,012,SC,SOUTHEAST,DSNP,D,1,False
2025,H0628,012,VA,NORTHEAST,DSNP,D,2,False
2025,H0628,012,FL,SOUTHEAST,DSNP,D,4,False
2025,H0628,012,LA,SOUTHEAST,DSNP,D,1,False
2025,H0628,012,KY,CENTRAL,DSNP,D,12886,True
2025,H0628,012,WV,NORTHEAST,DSNP,D,1,False
2025,H0628,012,IA,CENTRAL,DSNP,D,1,False
2025,H0628,012,OK,CENTRAL,DSNP,D,2,False
2025,H0628,012,NC,SOUTHEAST,DSNP,D,1,False
2025,H0628,012,CT,NORTHEAST,DSNP,D,2,False
2025,H0628,012,MI,CENTRAL,DSNP,D,1,False
2025,H0628,012,WA,WEST,DSNP,D,2,False
2025,H0628,012,TN,SOUTHEAST,DSNP,D,2,False
2025,H0628,013,FL,SOUTHEAST,DSNP,D,2,False
2025,H0628,013,AZ,WEST,DSNP,D,1,False
2025,H0628,013,IA,CENTRAL,DSNP,D,1,False
2025,H0628,013,OH,CENTRAL,DSNP,D,10222,True
2025,H0628,013,ME,NORTHEAST,DSNP,D,1,False
2025,H0628,013,KY,CENTRAL,DSNP,D,1,False
2025,H0628,013,MI,CENTRAL,DSNP,D,2,False
2025,H0628,013,AL,SOUTHEAST,DSNP,D,1,False
2025,H0628,013,WI,CENTRAL,DSNP,D,1,False
2025,H0628,013,NV,WEST,DSNP,D,1,False
2025,H0628,013,WV,NORTHEAST,DSNP,D,4,False
2025,H0628,013,PA,NORTHEAST,DSNP,D,2,False
2025,H0628,013,TN,SOUTHEAST,DSNP,D,1,False
2025,H0628,013,CA,WEST,DSNP,D,1,False
2025,H0628,013,VA,NORTHEAST,DSNP,D,2,False
2025,H0628,013,IN,CENTRAL,DSNP,D,1,False
2025,H0628,013,IL,CENTRAL,DSNP,D,1,False
2025,H0628,018,OH,CENTRAL,ISNP,I,221,True
2025,H1206,004,TX,CENTRAL,CSNP,C,1,False
2025,H1206,004,IL,CENTRAL,CSNP,C,858,True
2025,H1206,005,IL,CENTRAL,CSNP,C,545,True
2025,H1206,005,WI,CENTRAL,CSNP,C,1,False
2025,H1206,005,TN,SOUTHEAST,CSNP,C,1,False
2025,H1608,062,UT,WEST,DSNP,D,1,False
2025,H1608,062,MN,CENTRAL,DSNP,D,3,False
2025,H1608,062,SD,CENTRAL,DSNP,D,600,True
2025,H1608,076,MN,CENTRAL,DSNP,D,1,False
2025,H1608,076,AR,SOUTHEAST,DSNP,D,2285,True
2025,H1608,076,OK,CENTRAL,DSNP,D,3,False
2025,H1608,076,TX,CENTRAL,DSNP,D,6,False
2025,H1608,076,CO,CENTRAL,DSNP,D,2,False
2025,H1608,076,MS,SOUTHEAST,DSNP,D,1,False
2025,H1608,077,TN,SOUTHEAST,DSNP,D,1,False
2025,H1608,077,MO,CENTRAL,DSNP,D,2,False
2025,H1608,077,AR,SOUTHEAST,DSNP,D,1232,True
2025,H1608,077,GA,SOUTHEAST,DSNP,D,1,False
2025,H1608,083,KY,CENTRAL,DSNP,D,1,False
2025,H1608,083,PA,NORTHEAST,DSNP,D,1,False
2025,H1608,083,WV,NORTHEAST,DSNP,D,1195,True
2025,H1609,017,FL,SOUTHEAST,DSNP,D,369,True
2025,H1609,019,FL,SOUTHEAST,DSNP,D,232,True
2025,H1609,019,OH,CENTRAL,DSNP,D,1,False
2025,H1609,043,NM,CENTRAL,DSNP,D,1,False
2025,H1609,043,TX,CENTRAL,DSNP,D,4,False
2025,H1609,043,MN,CENTRAL,DSNP,D,1,False
2025,H1609,043,FL,SOUTHEAST,DSNP,D,10976,True
2025,H1609,043,MD,NORTHEAST,DSNP,D,2,False
2025,H1609,043,OH,CENTRAL,DSNP,D,1,False
2025,H1609,043,GA,SOUTHEAST,DSNP,D,1,False
2025,H1609,043,VA,NORTHEAST,DSNP,D,1,False
2025,H1609,043,NJ,NORTHEAST,DSNP,D,2,False
2025,H1609,043,NC,SOUTHEAST,DSNP,D,3,False
2025,H1609,043,RI,NORTHEAST,DSNP,D,1,False
2025,H1609,043,SC,SOUTHEAST,DSNP,D,1,False
2025,H1609,043,NY,NORTHEAST,DSNP,D,2,False
2025,H1609,043,TN,SOUTHEAST,DSNP,D,2,False
2025,H1609,044,LA,SOUTHEAST,DSNP,D,1,False
2025,H1609,044,GA,SOUTHEAST,DSNP,D,2,False
2025,H1609,044,MI,CENTRAL,DSNP,D,1,False
2025,H1609,044,AZ,WEST,DSNP,D,1,False
2025,H1609,044,TN,SOUTHEAST,DSNP,D,1,False
2025,H1609,044,PA,NORTHEAST,DSNP,D,3,False
2025,H1609,044,RI,NORTHEAST,DSNP,D,1,False
2025,H1609,044,NV,WEST,DSNP,D,1,False
2025,H1609,044,PR,PUERTORICO,DSNP,D,1,False
2025,H1609,044,NC,SOUTHEAST,DSNP,D,1,False
2025,H1609,044,FL,SOUTHEAST,DSNP,D,3400,True
2025,H1609,044,IL,CENTRAL,DSNP,D,2,False
2025,H1609,044,MS,SOUTHEAST,DSNP,D,1,False
2025,H1609,044,NH,NORTHEAST,DSNP,D,1,False
2025,H1609,044,WV,NORTHEAST,DSNP,D,1,False
2025,H1609,045,NY,NORTHEAST,DSNP,D,1,False
2025,H1609,045,IA,CENTRAL,DSNP,D,1,False
2025,H1609,045,PA,NORTHEAST,DSNP,D,2,False
2025,H1609,045,MD,NORTHEAST,DSNP,D,1,False
2025,H1609,045,RI,NORTHEAST,DSNP,D,1,False
2025,H1609,045,AZ,WEST,DSNP,D,1,False
2025,H1609,045,TX,CENTRAL,DSNP,D,1,False
2025,H1609,045,VA,NORTHEAST,DSNP,D,1,False
2025,H1609,045,NC,SOUTHEAST,DSNP,D,1,False
2025,H1609,045,CA,WEST,DSNP,D,1,False
2025,H1609,045,GA,SOUTHEAST,DSNP,D,3,False
2025,H1609,045,FL,SOUTHEAST,DSNP,D,2832,True
2025,H1609,045,IL,CENTRAL,DSNP,D,1,False
2025,H1609,046,FL,SOUTHEAST,DSNP,D,2121,True
2025,H1609,046,NJ,NORTHEAST,DSNP,D,2,False
2025,H1609,046,AZ,WEST,DSNP,D,1,False
2025,H1609,046,CO,CENTRAL,DSNP,D,1,False
2025,H1609,046,NY,NORTHEAST,DSNP,D,2,False
2025,H1609,046,MO,CENTRAL,DSNP,D,1,False
2025,H1609,047,TX,CENTRAL,DSNP,D,1,False
2025,H1609,047,MD,NORTHEAST,DSNP,D,1,False
2025,H1609,047,FL,SOUTHEAST,DSNP,D,906,True
2025,H1609,047,MO,CENTRAL,DSNP,D,1,False
2025,H1609,047,NJ,NORTHEAST,DSNP,D,1,False
2025,H1609,048,FL,SOUTHEAST,DSNP,D,2365,True
2025,H1609,048,NE,CENTRAL,DSNP,D,1,False
2025,H1609,048,MI,CENTRAL,DSNP,D,1,False
2025,H1609,048,WI,CENTRAL,DSNP,D,1,False
2025,H1609,048,AZ,WEST,DSNP,D,1,False
2025,H1609,049,NY,NORTHEAST,DSNP,D,2,False
2025,H1609,049,DC,NORTHEAST,DSNP,D,1,False
2025,H1609,049,DE,NORTHEAST,DSNP,D,1,False
2025,H1609,049,FL,SOUTHEAST,DSNP,D,806,True
2025,H1609,049,AL,SOUTHEAST,DSNP,D,1,False
2025,H1609,049,OH,CENTRAL,DSNP,D,2,False
2025,H1609,049,PA,NORTHEAST,DSNP,D,1,False
2025,H1609,055,FL,SOUTHEAST,DSNP,D,653,True
2025,H1609,056,FL,SOUTHEAST,DSNP,D,518,True
2025,H1609,056,CO,CENTRAL,DSNP,D,1,False
2025,H1609,061,FL,SOUTHEAST,DSNP,D,103,True
2025,H1609,062,FL,SOUTHEAST,DSNP,D,115,True
2025,H1609,064,TX,CENTRAL,DSNP,D,1,False
2025,H1609,064,FL,SOUTHEAST,DSNP,D,452,True
2025,H1609,064,KS,CENTRAL,DSNP,D,1,False
2025,H1609,065,FL,SOUTHEAST,DSNP,D,115,True
2025,H1610,001,VA,Unidentified_MA_Region,DSNP(FIDE),F,92,False
2025,H1610,001,VA,NORTHEAST,DSNP(FIDE),F,4596,True
2025,H1610,002,VA,NORTHEAST,DSNP,D,39,True
2025,H1610,003,VA,NORTHEAST,DSNP,D,956,True
2025,H1610,003,VA,Unidentified_MA_Region,DSNP,D,6,False
2025,H1692,005,MD,NORTHEAST,DSNP,D,2,False
2025,H1692,005,AL,SOUTHEAST,DSNP,D,1,False
2025,H1692,005,MI,CENTRAL,DSNP,D,2,False
2025,H1692,005,AZ,WEST,DSNP,D,1,False
2025,H1692,005,CO,CENTRAL,DSNP,D,1,False
2025,H1692,005,NC,SOUTHEAST,DSNP,D,3,False
2025,H1692,005,WV,NORTHEAST,DSNP,D,2486,True
2025,H1692,005,PA,NORTHEAST,DSNP,D,1,False
2025,H1692,005,SC,SOUTHEAST,DSNP,D,1,False
2025,H1692,005,OH,CENTRAL,DSNP,D,5,False
2025,H2293,002,PA,NORTHEAST,DSNP,D,1,False
2025,H2293,002,AZ,WEST,DSNP,D,1,False
2025,H2293,002,FL,SOUTHEAST,DSNP,D,3,False
2025,H2293,002,NV,WEST,DSNP,D,1,False
2025,H2293,002,GA,SOUTHEAST,DSNP,D,4592,True
2025,H2293,002,WI,CENTRAL,DSNP,D,1,False
2025,H2293,002,CO,CENTRAL,DSNP,D,1,False
2025,H2293,002,AL,SOUTHEAST,DSNP,D,3,False
2025,H2293,002,NC,SOUTHEAST,DSNP,D,1,False
2025,H2293,002,IL,CENTRAL,DSNP,D,3,False
2025,H2293,002,MS,SOUTHEAST,DSNP,D,1,False
2025,H2293,002,NY,NORTHEAST,DSNP,D,1,False
2025,H2293,002,DE,NORTHEAST,DSNP,D,1,False
2025,H2293,002,MO,CENTRAL,DSNP,D,1,False
2025,H2293,002,TN,SOUTHEAST,DSNP,D,1,False
2025,H2293,002,MA,NORTHEAST,DSNP,D,1,False
2025,H2293,002,TX,CENTRAL,DSNP,D,2,False
2025,H2293,003,MD,NORTHEAST,DSNP,D,1,False
2025,H2293,003,GA,SOUTHEAST,DSNP,D,2754,True
2025,H2293,003,FL,SOUTHEAST,DSNP,D,2,False
2025,H2293,003,NC,SOUTHEAST,DSNP,D,1,False
2025,H2293,003,VA,NORTHEAST,DSNP,D,1,False
2025,H2293,003,MI,CENTRAL,DSNP,D,1,False
2025,H2293,003,OH,CENTRAL,DSNP,D,1,False
2025,H2293,004,GA,SOUTHEAST,DSNP,D,1317,True
2025,H2293,004,OH,CENTRAL,DSNP,D,1,False
2025,H2293,004,MI,CENTRAL,DSNP,D,1,False
2025,H2293,004,KY,CENTRAL,DSNP,D,1,False
2025,H2293,004,AL,SOUTHEAST,DSNP,D,1,False
2025,H2293,004,TN,SOUTHEAST,DSNP,D,1,False
2025,H2293,004,ME,NORTHEAST,DSNP,D,1,False
2025,H2293,005,TX,CENTRAL,DSNP,D,2,False
2025,H2293,005,CT,NORTHEAST,DSNP,D,1,False
2025,H2293,005,FL,SOUTHEAST,DSNP,D,2,False
2025,H2293,005,PA,NORTHEAST,DSNP,D,1,False
2025,H2293,005,GA,SOUTHEAST,DSNP,D,4010,True
2025,H2293,005,NY,NORTHEAST,DSNP,D,1,False
2025,H2293,005,OH,CENTRAL,DSNP,D,1,False
2025,H2293,005,OK,CENTRAL,DSNP,D,1,False
2025,H2293,005,VA,NORTHEAST,DSNP,D,1,False
2025,H2293,005,CA,WEST,DSNP,D,1,False
2025,H2293,005,AZ,WEST,DSNP,D,1,False
2025,H2293,021,NC,SOUTHEAST,DSNP,D,2,False
2025,H2293,021,WV,NORTHEAST,DSNP,D,1,False
2025,H2293,021,PA,NORTHEAST,DSNP,D,1,False
2025,H2293,021,KY,CENTRAL,DSNP,D,2,False
2025,H2293,021,VA,NORTHEAST,DSNP,D,1,False
2025,H2293,021,RI,NORTHEAST,DSNP,D,1,False
2025,H2293,021,OK,CENTRAL,DSNP,D,2,False
2025,H2293,021,AR,SOUTHEAST,DSNP,D,1,False
2025,H2293,021,IL,CENTRAL,DSNP,D,1,False
2025,H2293,021,MI,CENTRAL,DSNP,D,2,False
2025,H2293,021,NY,NORTHEAST,DSNP,D,1,False
2025,H2293,021,OH,CENTRAL,DSNP,D,1,False
2025,H2293,021,NM,CENTRAL,DSNP,D,1,False
2025,H2293,021,AK,WEST,DSNP,D,2,False
2025,H2293,021,CA,WEST,DSNP,D,1,False
2025,H2293,021,GA,SOUTHEAST,DSNP,D,13585,True
2025,H2293,021,SC,SOUTHEAST,DSNP,D,2,False
2025,H2293,021,FL,SOUTHEAST,DSNP,D,9,False
2025,H2293,021,TX,CENTRAL,DSNP,D,2,False
2025,H2293,021,AL,SOUTHEAST,DSNP,D,3,False
2025,H3146,002,NC,SOUTHEAST,DSNP,D,1082,True
2025,H3146,002,FL,SOUTHEAST,DSNP,D,1,False
2025,H3146,002,GA,SOUTHEAST,DSNP,D,2,False
2025,H3146,002,NJ,NORTHEAST,DSNP,D,1,False
2025,H3146,002,VA,NORTHEAST,DSNP,D,2,False
2025,H3146,003,NC,SOUTHEAST,DSNP,D,201,True
2025,H3146,008,TN,SOUTHEAST,DSNP,D,2,False
2025,H3146,008,NC,SOUTHEAST,DSNP,D,871,True
2025,H3146,008,VA,NORTHEAST,DSNP,D,1,False
2025,H3146,016,AZ,WEST,DSNP,D,2,False
2025,H3146,016,FL,SOUTHEAST,DSNP,D,1,False
2025,H3146,016,SC,SOUTHEAST,DSNP,D,1567,True
2025,H3146,016,NC,SOUTHEAST,DSNP,D,1,False
2025,H3146,017,NJ,NORTHEAST,DSNP,D,1,False
2025,H3146,017,GA,SOUTHEAST,DSNP,D,2,False
2025,H3146,017,FL,SOUTHEAST,DSNP,D,5,False
2025,H3146,017,SC,SOUTHEAST,DSNP,D,1034,True
2025,H3146,017,PA,NORTHEAST,DSNP,D,1,False
2025,H3146,017,OH,CENTRAL,DSNP,D,1,False
2025,H3146,017,AZ,WEST,DSNP,D,1,False
2025,H3146,017,NC,SOUTHEAST,DSNP,D,4,False
2025,H3146,018,NY,NORTHEAST,DSNP,D,2,False
2025,H3146,018,SC,SOUTHEAST,DSNP,D,4,False
2025,H3146,018,MD,NORTHEAST,DSNP,D,1,False
2025,H3146,018,PA,NORTHEAST,DSNP,D,2,False
2025,H3146,018,VA,NORTHEAST,DSNP,D,2,False
2025,H3146,018,NC,SOUTHEAST,DSNP,D,2022,True
2025,H3146,018,GA,SOUTHEAST,DSNP,D,1,False
2025,H3146,018,TX,CENTRAL,DSNP,D,2,False
2025,H3146,018,FL,SOUTHEAST,DSNP,D,1,False
2025,H3146,019,MD,NORTHEAST,DSNP,D,1,False
2025,H3146,019,NC,SOUTHEAST,DSNP,D,2,False
2025,H3146,019,PA,NORTHEAST,DSNP,D,1,False
2025,H3146,019,NY,NORTHEAST,DSNP,D,2,False
2025,H3146,019,NV,WEST,DSNP,D,1,False
2025,H3146,019,DC,NORTHEAST,DSNP,D,1,False
2025,H3146,019,FL,SOUTHEAST,DSNP,D,2,False
2025,H3146,019,SC,SOUTHEAST,DSNP,D,3181,True
2025,H3146,022,VA,NORTHEAST,DSNP,D,1,False
2025,H3146,022,NC,SOUTHEAST,DSNP,D,469,True
2025,H3146,022,DE,NORTHEAST,DSNP,D,1,False
2025,H3146,023,SC,SOUTHEAST,DSNP,D,1005,True
2025,H3146,023,FL,SOUTHEAST,DSNP,D,1,False
2025,H3192,007,GA,SOUTHEAST,DSNP,D,2,False
2025,H3192,007,CA,WEST,DSNP,D,2,False
2025,H3192,007,FL,SOUTHEAST,DSNP,D,3,False
2025,H3192,007,AZ,WEST,DSNP,D,1,False
2025,H3192,007,OH,CENTRAL,DSNP,D,3,False
2025,H3192,007,PR,PUERTORICO,DSNP,D,2,False
2025,H3192,007,WY,WEST,DSNP,D,1,False
2025,H3192,007,IN,CENTRAL,DSNP,D,1,False
2025,H3192,007,NV,WEST,DSNP,D,2,False
2025,H3192,007,VA,NORTHEAST,DSNP,D,1,False
2025,H3192,007,IL,CENTRAL,DSNP,D,1,False
2025,H3192,007,NE,CENTRAL,DSNP,D,1,False
2025,H3192,007,MI,CENTRAL,DSNP,D,11715,True
2025,H3192,007,TX,CENTRAL,DSNP,D,1,False
2025,H3192,007,MO,CENTRAL,DSNP,D,1,False
2025,H3239,001,AR,SOUTHEAST,DSNP,D,1,False
2025,H3239,001,LA,SOUTHEAST,DSNP,D,2261,True
2025,H3239,001,TX,CENTRAL,DSNP,D,4,False
2025,H3239,001,FL,SOUTHEAST,DSNP,D,1,False
2025,H3239,001,IN,CENTRAL,DSNP,D,1,False
2025,H3239,001,MO,CENTRAL,DSNP,D,1,False
2025,H3239,001,AZ,WEST,DSNP,D,1,False
2025,H3239,001,MS,SOUTHEAST,DSNP,D,2,False
2025,H3239,001,NC,SOUTHEAST,DSNP,D,1,False
2025,H3239,002,KY,CENTRAL,DSNP,D,1,False
2025,H3239,002,WI,CENTRAL,DSNP,D,1,False
2025,H3239,002,TN,SOUTHEAST,DSNP,D,3,False
2025,H3239,002,TX,CENTRAL,DSNP,D,3,False
2025,H3239,002,LA,SOUTHEAST,DSNP,D,2,False
2025,H3239,002,OH,CENTRAL,DSNP,D,2,False
2025,H3239,002,CA,WEST,DSNP,D,2,False
2025,H3239,002,PA,NORTHEAST,DSNP,D,1,False
2025,H3239,002,VA,NORTHEAST,DSNP,D,1,False
2025,H3239,002,GA,SOUTHEAST,DSNP,D,2,False
2025,H3239,002,FL,SOUTHEAST,DSNP,D,6,False
2025,H3239,002,AL,SOUTHEAST,DSNP,D,5696,True
2025,H3239,002,AR,SOUTHEAST,DSNP,D,2,False
2025,H3239,003,WI,CENTRAL,DSNP,D,1,False
2025,H3239,003,GA,SOUTHEAST,DSNP,D,2,False
2025,H3239,003,FL,SOUTHEAST,DSNP,D,1,False
2025,H3239,003,TX,CENTRAL,DSNP,D,1,False
2025,H3239,003,AL,SOUTHEAST,DSNP,D,2505,True
2025,H3239,003,TN,SOUTHEAST,DSNP,D,1,False
2025,H3239,005,LA,SOUTHEAST,DSNP,D,1,False
2025,H3239,005,TX,CENTRAL,DSNP,D,1,False
2025,H3239,005,AL,SOUTHEAST,DSNP,D,3,False
2025,H3239,005,MS,SOUTHEAST,DSNP,D,3377,True
2025,H3239,005,IA,CENTRAL,DSNP,D,1,False
2025,H3239,005,TN,SOUTHEAST,DSNP,D,1,False
2025,H3239,006,TX,CENTRAL,DSNP,D,2,False
2025,H3239,006,LA,SOUTHEAST,DSNP,D,647,True
2025,H3239,007,TX,CENTRAL,DSNP,D,1,False
2025,H3239,007,LA,SOUTHEAST,DSNP,D,1250,True
2025,H3239,008,MS,SOUTHEAST,DSNP,D,470,True
2025,H3239,008,CA,WEST,DSNP,D,1,False
2025,H3239,010,GA,SOUTHEAST,DSNP,D,1,False
2025,H3239,010,TN,SOUTHEAST,DSNP,D,1,False
2025,H3239,010,FL,SOUTHEAST,DSNP,D,1,False
2025,H3239,010,AL,SOUTHEAST,DSNP,D,1225,True
2025,H3239,010,UT,WEST,DSNP,D,1,False
2025,H3239,012,LA,SOUTHEAST,DSNP,D,1,False
2025,H3239,012,MS,SOUTHEAST,DSNP,D,1644,True
2025,H3239,012,AL,SOUTHEAST,DSNP,D,1,False
2025,H3239,012,MO,CENTRAL,DSNP,D,1,False
2025,H3239,013,FL,SOUTHEAST,DSNP,D,1,False
2025,H3239,013,PA,NORTHEAST,DSNP,D,1,False
2025,H3239,013,MO,CENTRAL,DSNP,D,1,False
2025,H3239,013,LA,SOUTHEAST,DSNP,D,1086,True
2025,H3239,015,GA,SOUTHEAST,DSNP,D,1,False
2025,H3239,015,MO,CENTRAL,DSNP,D,1,False
2025,H3239,015,MI,CENTRAL,DSNP,D,1,False
2025,H3239,015,TX,CENTRAL,DSNP,D,1,False
2025,H3239,015,LA,SOUTHEAST,DSNP,D,1,False
2025,H3239,015,MS,SOUTHEAST,DSNP,D,785,True
2025,H3239,016,MS,SOUTHEAST,DSNP,D,130,True
2025,H3239,018,MS,SOUTHEAST,DSNP,D,1,False
2025,H3239,018,AL,SOUTHEAST,DSNP,D,2022,True
2025,H3239,019,AL,SOUTHEAST,DSNP,D,434,True
2025,H3239,021,AR,SOUTHEAST,DSNP,D,1,False
2025,H3239,021,LA,SOUTHEAST,DSNP,D,1203,True
2025,H3239,021,OH,CENTRAL,DSNP,D,1,False
2025,H3239,023,MS,SOUTHEAST,DSNP,D,1,False
2025,H3239,023,AR,SOUTHEAST,DSNP,D,1,False
2025,H3239,023,AZ,WEST,DSNP,D,2,False
2025,H3239,023,LA,SOUTHEAST,DSNP,D,1540,True
2025,H3239,023,TX,CENTRAL,DSNP,D,1,False
2025,H3288,053,AR,SOUTHEAST,DSNP,D,1,False
2025,H3288,053,OK,CENTRAL,DSNP,D,660,True
2025,H3288,053,TX,CENTRAL,DSNP,D,3,False
2025,H3312,069,FL,SOUTHEAST,DSNP,D,12,False
2025,H3312,069,SC,SOUTHEAST,DSNP,D,4,False
2025,H3312,069,VA,NORTHEAST,DSNP,D,3,False
2025,H3312,069,MD,NORTHEAST,DSNP,D,2,False
2025,H3312,069,TX,CENTRAL,DSNP,D,2,False
2025,H3312,069,UT,WEST,DSNP,D,1,False
2025,H3312,069,ME,NORTHEAST,DSNP,D,1,False
2025,H3312,069,NJ,NORTHEAST,DSNP,D,8,False
2025,H3312,069,CA,WEST,DSNP,D,1,False
2025,H3312,069,CT,NORTHEAST,DSNP,D,1,False
2025,H3312,069,DE,NORTHEAST,DSNP,D,1,False
2025,H3312,069,NY,NORTHEAST,DSNP,D,17150,True
2025,H3312,069,KY,CENTRAL,DSNP,D,1,False
2025,H3312,069,MI,CENTRAL,DSNP,D,1,False
2025,H3312,069,PA,NORTHEAST,DSNP,D,8,False
2025,H3312,069,CO,CENTRAL,DSNP,D,2,False
2025,H3312,069,MA,NORTHEAST,DSNP,D,1,False
2025,H3312,069,NC,SOUTHEAST,DSNP,D,6,False
2025,H3312,069,GA,SOUTHEAST,DSNP,D,3,False
2025,H3312,070,PA,NORTHEAST,DSNP,D,1,False
2025,H3312,070,MD,NORTHEAST,DSNP,D,1,False
2025,H3312,070,OH,CENTRAL,DSNP,D,1,False
2025,H3312,070,NC,SOUTHEAST,DSNP,D,1,False
2025,H3312,070,CA,WEST,DSNP,D,1,False
2025,H3312,070,GA,SOUTHEAST,DSNP,D,2,False
2025,H3312,070,FL,SOUTHEAST,DSNP,D,1,False
2025,H3312,070,CT,NORTHEAST,DSNP,D,2,False
2025,H3312,070,NJ,NORTHEAST,DSNP,D,2,False
2025,H3312,070,TN,SOUTHEAST,DSNP,D,1,False
2025,H3312,070,NM,CENTRAL,DSNP,D,1,False
2025,H3312,070,TX,CENTRAL,DSNP,D,1,False
2025,H3312,070,NY,NORTHEAST,DSNP,D,3902,True
2025,H3312,070,SC,SOUTHEAST,DSNP,D,1,False
2025,H3312,070,RI,NORTHEAST,DSNP,D,1,False
2025,H3312,070,VT,NORTHEAST,DSNP,D,2,False
2025,H3312,087,NY,NORTHEAST,DSNP,D,591,True
2025,H3312,088,NY,NORTHEAST,DSNP,D,67,True
2025,H3312,089,FL,SOUTHEAST,DSNP,D,1,False
2025,H3312,089,PA,NORTHEAST,DSNP,D,1,False
2025,H3312,089,NY,NORTHEAST,DSNP,D,1335,True
2025,H3312,090,UT,WEST,DSNP,D,1,False
2025,H3312,090,NY,NORTHEAST,DSNP,D,2835,True
2025,H3312,090,NJ,NORTHEAST,DSNP,D,2,False
2025,H3312,090,NH,NORTHEAST,DSNP,D,1,False
2025,H3312,090,NC,SOUTHEAST,DSNP,D,1,False
2025,H3312,090,FL,SOUTHEAST,DSNP,D,2,False
2025,H3597,011,PA,NORTHEAST,DSNP,D,1,False
2025,H3597,011,FL,SOUTHEAST,DSNP,D,2,False
2025,H3597,011,NH,NORTHEAST,DSNP,D,1,False
2025,H3597,011,IL,CENTRAL,DSNP,D,1,False
2025,H3597,011,MA,NORTHEAST,DSNP,D,1,False
2025,H3597,011,OR,WEST,DSNP,D,1,False
2025,H3597,011,ME,NORTHEAST,DSNP,D,982,True
2025,H3597,012,NY,NORTHEAST,DSNP,D,2,False
2025,H3597,012,TX,CENTRAL,DSNP,D,1,False
2025,H3597,012,AK,WEST,DSNP,D,1,False
2025,H3597,012,NC,SOUTHEAST,DSNP,D,1,False
2025,H3597,012,CA,WEST,DSNP,D,1,False
2025,H3597,012,ME,NORTHEAST,DSNP,D,1119,True
2025,H3597,012,MA,NORTHEAST,DSNP,D,1,False
2025,H3597,012,FL,SOUTHEAST,DSNP,D,1,False
2025,H3931,159,NJ,NORTHEAST,DSNP,D,1,False
2025,H3931,159,MD,NORTHEAST,DSNP,D,820,True
2025,H3931,159,DE,NORTHEAST,DSNP,D,1,False
2025,H3931,159,TN,SOUTHEAST,DSNP,D,1,False
2025,H3931,159,FL,SOUTHEAST,DSNP,D,1,False
2025,H3931,175,FL,SOUTHEAST,DSNP,D,1,False
2025,H3931,175,OH,CENTRAL,DSNP,D,1,False
2025,H3931,175,CA,WEST,DSNP,D,2,False
2025,H3931,175,LA,SOUTHEAST,DSNP,D,1,False
2025,H3931,175,WY,WEST,DSNP,D,1,False
2025,H3931,175,NY,NORTHEAST,DSNP,D,2,False
2025,H3931,175,NV,WEST,DSNP,D,1,False
2025,H3931,175,WA,WEST,DSNP,D,4,False
2025,H3931,175,KS,CENTRAL,DSNP,D,1,False
2025,H3931,175,PA,NORTHEAST,DSNP,D,1,False
2025,H3931,175,TX,CENTRAL,DSNP,D,1,False
2025,H3931,175,CO,CENTRAL,DSNP,D,4587,True
2025,H3931,175,KY,CENTRAL,DSNP,D,1,False
2025,H3931,175,ID,WEST,DSNP,D,1,False
2025,H3931,175,NM,CENTRAL,DSNP,D,1,False
2025,H3931,175,WI,CENTRAL,DSNP,D,1,False
2025,H3959,035,GA,SOUTHEAST,DSNP,D,1,False
2025,H3959,035,CA,WEST,DSNP,D,1,False
2025,H3959,035,MD,NORTHEAST,DSNP,D,2,False
2025,H3959,035,MS,SOUTHEAST,DSNP,D,1,False
2025,H3959,035,PA,NORTHEAST,DSNP,D,9532,True
2025,H3959,035,DE,NORTHEAST,DSNP,D,4,False
2025,H3959,035,NJ,NORTHEAST,DSNP,D,3,False
2025,H3959,035,TX,CENTRAL,DSNP,D,2,False
2025,H3959,035,NC,SOUTHEAST,DSNP,D,2,False
2025,H3959,035,FL,SOUTHEAST,DSNP,D,1,False
2025,H3959,035,AZ,WEST,DSNP,D,1,False
2025,H3959,035,NY,NORTHEAST,DSNP,D,1,False
2025,H3959,035,CT,NORTHEAST,DSNP,D,1,False
2025,H3959,036,CA,WEST,DSNP,D,1,False
2025,H3959,036,IL,CENTRAL,DSNP,D,1,False
2025,H3959,036,CO,CENTRAL,DSNP,D,1,False
2025,H3959,036,MI,CENTRAL,DSNP,D,1,False
2025,H3959,036,IN,CENTRAL,DSNP,D,1,False
2025,H3959,036,FL,SOUTHEAST,DSNP,D,4,False
2025,H3959,036,VA,NORTHEAST,DSNP,D,2,False
2025,H3959,036,NJ,NORTHEAST,DSNP,D,2,False
2025,H3959,036,WV,NORTHEAST,DSNP,D,1,False
2025,H3959,036,MD,NORTHEAST,DSNP,D,2,False
2025,H3959,036,CT,NORTHEAST,DSNP,D,1,False
2025,H3959,036,UT,WEST,DSNP,D,1,False
2025,H3959,036,NH,NORTHEAST,DSNP,D,1,False
2025,H3959,036,NY,NORTHEAST,DSNP,D,5,False
2025,H3959,036,TX,CENTRAL,DSNP,D,2,False
2025,H3959,036,PA,NORTHEAST,DSNP,D,12823,True
2025,H3959,036,OH,CENTRAL,DSNP,D,4,False
2025,H3959,036,MO,CENTRAL,DSNP,D,1,False
2025,H3959,036,MN,CENTRAL,DSNP,D,1,False
2025,H3959,036,MS,SOUTHEAST,DSNP,D,2,False
2025,H3959,036,NV,WEST,DSNP,D,1,False
2025,H3959,036,SC,SOUTHEAST,DSNP,D,1,False
2025,H3959,063,DE,NORTHEAST,DSNP,D,23,True
2025,H3959,066,PA,NORTHEAST,ISNP,I,291,True
2025,H3959,074,VA,NORTHEAST,CSNP,C,1,False
2025,H3959,074,PA,NORTHEAST,CSNP,C,1888,True
2025,H3959,075,VA,NORTHEAST,CSNP,C,1,False
2025,H3959,075,PA,NORTHEAST,CSNP,C,1249,True
2025,H3959,076,NY,NORTHEAST,CSNP,C,1,False
2025,H3959,076,PA,NORTHEAST,CSNP,C,2114,True
2025,H3959,077,IL,CENTRAL,CSNP,C,1,False
2025,H3959,077,PA,NORTHEAST,CSNP,C,1870,True
2025,H4523,028,NV,WEST,DSNP,D,1,False
2025,H4523,028,OH,CENTRAL,DSNP,D,1,False
2025,H4523,028,TX,CENTRAL,DSNP,D,1879,True
2025,H4523,028,MD,NORTHEAST,DSNP,D,1,False
2025,H4523,029,LA,SOUTHEAST,DSNP,D,2,False
2025,H4523,029,OH,CENTRAL,DSNP,D,1,False
2025,H4523,029,FL,SOUTHEAST,DSNP,D,2,False
2025,H4523,029,TX,CENTRAL,DSNP,D,3358,True
2025,H4523,029,MS,SOUTHEAST,DSNP,D,1,False
2025,H4523,029,CA,WEST,DSNP,D,1,False
2025,H4523,029,AL,SOUTHEAST,DSNP,D,2,False
2025,H4523,030,CA,WEST,DSNP,D,1,False
2025,H4523,030,MD,NORTHEAST,DSNP,D,1,False
2025,H4523,030,LA,SOUTHEAST,DSNP,D,1,False
2025,H4523,030,TX,CENTRAL,DSNP,D,2900,True
2025,H4523,030,PA,NORTHEAST,DSNP,D,2,False
2025,H4523,030,OK,CENTRAL,DSNP,D,1,False
2025,H4523,030,SC,SOUTHEAST,DSNP,D,1,False
2025,H4711,011,LA,SOUTHEAST,DSNP,D,1,False
2025,H4711,011,MI,CENTRAL,DSNP,D,1,False
2025,H4711,011,TX,CENTRAL,DSNP,D,2,False
2025,H4711,011,IL,CENTRAL,DSNP,D,1,False
2025,H4711,011,CO,CENTRAL,DSNP,D,1,False
2025,H4711,011,CA,WEST,DSNP,D,6,False
2025,H4711,011,AZ,WEST,DSNP,D,2,False
2025,H4711,011,OH,CENTRAL,DSNP,D,1,False
2025,H4711,011,NV,WEST,DSNP,D,992,True
2025,H4711,011,MO,CENTRAL,DSNP,D,1,False
2025,H4711,011,TN,SOUTHEAST,DSNP,D,1,False
2025,H4711,012,CO,CENTRAL,DSNP,D,114,True
2025,H4711,013,NV,WEST,DSNP,D,463,True
2025,H4711,013,CA,WEST,DSNP,D,1,False
2025,H4982,008,CA,WEST,DSNP,D,16,True
2025,H4982,009,CA,WEST,DSNP,D,7,True
2025,H5302,012,SC,SOUTHEAST,DSNP,D,5,False
2025,H5302,012,FL,SOUTHEAST,DSNP,D,12,False
2025,H5302,012,ND,CENTRAL,DSNP,D,1,False
2025,H5302,012,NY,NORTHEAST,DSNP,D,1,False
2025,H5302,012,NJ,NORTHEAST,DSNP,D,2,False
2025,H5302,012,CO,CENTRAL,DSNP,D,1,False
2025,H5302,012,MI,CENTRAL,DSNP,D,2,False
2025,H5302,012,AL,SOUTHEAST,DSNP,D,5,False
2025,H5302,012,TX,CENTRAL,DSNP,D,2,False
2025,H5302,012,IN,CENTRAL,DSNP,D,1,False
2025,H5302,012,DC,NORTHEAST,DSNP,D,1,False
2025,H5302,012,MS,SOUTHEAST,DSNP,D,1,False
2025,H5302,012,AR,SOUTHEAST,DSNP,D,1,False
2025,H5302,012,TN,SOUTHEAST,DSNP,D,2,False
2025,H5302,012,NV,WEST,DSNP,D,1,False
2025,H5302,012,CA,WEST,DSNP,D,5,False
2025,H5302,012,MD,NORTHEAST,DSNP,D,2,False
2025,H5302,012,KS,CENTRAL,DSNP,D,1,False
2025,H5302,012,AZ,WEST,DSNP,D,1,False
2025,H5302,012,VA,NORTHEAST,DSNP,D,1,False
2025,H5302,012,DE,NORTHEAST,DSNP,D,1,False
2025,H5302,012,GA,SOUTHEAST,DSNP,D,13278,True
2025,H5302,012,OH,CENTRAL,DSNP,D,5,False
2025,H5302,013,NC,SOUTHEAST,DSNP,D,1,False
2025,H5302,013,AR,SOUTHEAST,DSNP,D,1,False
2025,H5302,013,LA,SOUTHEAST,DSNP,D,1,False
2025,H5302,013,CA,WEST,DSNP,D,3,False
2025,H5302,013,FL,SOUTHEAST,DSNP,D,6,False
2025,H5302,013,AL,SOUTHEAST,DSNP,D,6,False
2025,H5302,013,TN,SOUTHEAST,DSNP,D,1,False
2025,H5302,013,GA,SOUTHEAST,DSNP,D,6631,True
2025,H5302,013,KY,CENTRAL,DSNP,D,1,False
2025,H5302,013,PA,NORTHEAST,DSNP,D,1,False
2025,H5302,014,SC,SOUTHEAST,DSNP,D,1,False
2025,H5302,014,GA,SOUTHEAST,DSNP,D,2262,True
2025,H5302,014,TX,CENTRAL,DSNP,D,1,False
2025,H5302,014,PA,NORTHEAST,DSNP,D,1,False
2025,H5302,014,OR,WEST,DSNP,D,1,False
2025,H5302,014,AL,SOUTHEAST,DSNP,D,1,False
2025,H5302,014,CA,WEST,DSNP,D,1,False
2025,H5302,014,FL,SOUTHEAST,DSNP,D,2,False
2025,H5302,020,PA,NORTHEAST,DSNP,D,1,False
2025,H5302,020,GA,SOUTHEAST,DSNP,D,2236,True
2025,H5302,020,LA,SOUTHEAST,DSNP,D,1,False
2025,H5302,020,NC,SOUTHEAST,DSNP,D,1,False
2025,H5325,003,NM,CENTRAL,DSNP,D,1,False
2025,H5325,003,IL,CENTRAL,DSNP,D,1,False
2025,H5325,003,MO,CENTRAL,DSNP,D,1281,True
2025,H5325,004,OK,CENTRAL,DSNP,D,1,False
2025,H5325,004,MN,CENTRAL,DSNP,D,1,False
2025,H5325,004,AZ,WEST,DSNP,D,1,False
2025,H5325,004,OR,WEST,DSNP,D,1,False
2025,H5325,004,MO,CENTRAL,DSNP,D,1620,True
2025,H5325,004,IL,CENTRAL,DSNP,D,1,False
2025,H5325,004,CA,WEST,DSNP,D,2,False
2025,H5325,005,CA,WEST,DSNP,D,1,False
2025,H5325,005,SD,CENTRAL,DSNP,D,1,False
2025,H5325,005,GA,SOUTHEAST,DSNP,D,1,False
2025,H5325,005,TX,CENTRAL,DSNP,D,1,False
2025,H5325,005,MO,CENTRAL,DSNP,D,2185,True
2025,H5325,005,IL,CENTRAL,DSNP,D,2,False
2025,H5325,005,TN,SOUTHEAST,DSNP,D,1,False
2025,H5325,006,IL,CENTRAL,DSNP,D,1,False
2025,H5325,006,TN,SOUTHEAST,DSNP,D,1,False
2025,H5325,006,CA,WEST,DSNP,D,1,False
2025,H5325,006,IA,CENTRAL,DSNP,D,1,False
2025,H5325,006,NC,SOUTHEAST,DSNP,D,1,False
2025,H5325,006,TX,CENTRAL,DSNP,D,2,False
2025,H5325,006,MO,CENTRAL,DSNP,D,1834,True
2025,H5325,006,CO,CENTRAL,DSNP,D,1,False
2025,H5325,006,MS,SOUTHEAST,DSNP,D,1,False
2025,H5325,007,TX,CENTRAL,DSNP,D,1,False
2025,H5325,007,MS,SOUTHEAST,DSNP,D,1,False
2025,H5325,007,AR,SOUTHEAST,DSNP,D,2004,True
2025,H5325,007,NY,NORTHEAST,DSNP,D,1,False
2025,H5325,007,TN,SOUTHEAST,DSNP,D,1,False
2025,H5325,007,OK,CENTRAL,DSNP,D,3,False
2025,H5325,007,AZ,WEST,DSNP,D,1,False
2025,H5325,007,CA,WEST,DSNP,D,1,False
2025,H5325,010,TN,SOUTHEAST,DSNP,D,1,False
2025,H5325,010,AZ,WEST,DSNP,D,1,False
2025,H5325,010,AR,SOUTHEAST,DSNP,D,1292,True
2025,H5325,010,SC,SOUTHEAST,DSNP,D,1,False
2025,H5325,011,WI,CENTRAL,DSNP,D,1,False
2025,H5325,011,TX,CENTRAL,DSNP,D,1,False
2025,H5325,011,HI,WEST,DSNP,D,1,False
2025,H5325,011,AR,SOUTHEAST,DSNP,D,519,True
2025,H5521,398,CO,CENTRAL,DSNP,D,1,False
2025,H5521,398,AZ,WEST,DSNP,D,1,False
2025,H5521,398,UT,WEST,DSNP,D,459,True
2025,H5521,461,NY,NORTHEAST,ISNP,I,493,True
2025,H5521,462,AL,SOUTHEAST,DSNP,D,5514,True
2025,H5521,462,MI,CENTRAL,DSNP,D,1,False
2025,H5521,462,TN,SOUTHEAST,DSNP,D,3,False
2025,H5521,462,MO,CENTRAL,DSNP,D,1,False
2025,H5521,462,FL,SOUTHEAST,DSNP,D,1,False
2025,H5521,462,GA,SOUTHEAST,DSNP,D,6,False
2025,H5521,462,IL,CENTRAL,DSNP,D,1,False
2025,H5521,462,NC,SOUTHEAST,DSNP,D,1,False
2025,H5521,462,PA,NORTHEAST,DSNP,D,2,False
2025,H5521,462,OH,CENTRAL,DSNP,D,1,False
2025,H5521,462,OK,CENTRAL,DSNP,D,1,False
2025,H5521,462,CO,CENTRAL,DSNP,D,1,False
2025,H5521,462,CA,WEST,DSNP,D,1,False
2025,H5521,463,MS,SOUTHEAST,DSNP,D,1,False
2025,H5521,463,AL,SOUTHEAST,DSNP,D,1420,True
2025,H5521,463,OR,WEST,DSNP,D,1,False
2025,H5521,464,LA,SOUTHEAST,DSNP,D,1,False
2025,H5521,464,KY,CENTRAL,DSNP,D,2,False
2025,H5521,464,TX,CENTRAL,DSNP,D,3,False
2025,H5521,464,AL,SOUTHEAST,DSNP,D,2,False
2025,H5521,464,GA,SOUTHEAST,DSNP,D,1,False
2025,H5521,464,MS,SOUTHEAST,DSNP,D,3491,True
2025,H5521,464,TN,SOUTHEAST,DSNP,D,3,False
2025,H5521,465,MS,SOUTHEAST,DSNP,D,2310,True
2025,H5521,465,IN,CENTRAL,DSNP,D,1,False
2025,H5521,469,MS,SOUTHEAST,DSNP,D,2,False
2025,H5521,469,TX,CENTRAL,DSNP,D,1,False
2025,H5521,469,AR,SOUTHEAST,DSNP,D,1,False
2025,H5521,469,LA,SOUTHEAST,DSNP,D,1392,True
2025,H5521,469,NC,SOUTHEAST,DSNP,D,1,False
2025,H5521,469,CA,WEST,DSNP,D,1,False
2025,H5521,472,TX,CENTRAL,DSNP,D,1,False
2025,H5521,472,LA,SOUTHEAST,DSNP,D,652,True
2025,H5521,472,MO,CENTRAL,DSNP,D,1,False
2025,H5521,505,OH,CENTRAL,DSNP,D,1,False
2025,H5521,505,TN,SOUTHEAST,DSNP,D,1,False
2025,H5521,505,MI,CENTRAL,DSNP,D,3015,True
2025,H5521,505,NY,NORTHEAST,DSNP,D,1,False
2025,H5521,505,IL,CENTRAL,DSNP,D,1,False
2025,H5521,538,TN,SOUTHEAST,DSNP,D,1,False
2025,H5521,538,NC,SOUTHEAST,DSNP,D,3645,True
2025,H5521,538,SC,SOUTHEAST,DSNP,D,1,False
2025,H5521,538,KS,CENTRAL,DSNP,D,1,False
2025,H5521,538,VA,NORTHEAST,DSNP,D,2,False
2025,H5521,538,OH,CENTRAL,DSNP,D,1,False
2025,H5521,538,FL,SOUTHEAST,DSNP,D,4,False
2025,H5521,538,NY,NORTHEAST,DSNP,D,2,False
2025,H5521,538,LA,SOUTHEAST,DSNP,D,2,False
2025,H5521,538,PA,NORTHEAST,DSNP,D,1,False
2025,H5521,539,SC,SOUTHEAST,DSNP,D,571,True
2025,H5521,539,NC,SOUTHEAST,DSNP,D,1,False
2025,H5521,539,NY,NORTHEAST,DSNP,D,1,False
2025,H5521,539,MA,NORTHEAST,DSNP,D,1,False
2025,H5522,024,PA,NORTHEAST,DSNP,D,1091,True
2025,H5522,024,TX,CENTRAL,DSNP,D,1,False
2025,H5593,001,IA,CENTRAL,DSNP,D,1395,True
2025,H5593,001,WV,NORTHEAST,DSNP,D,1,False
2025,H5593,001,WI,CENTRAL,DSNP,D,1,False
2025,H5593,001,MS,SOUTHEAST,DSNP,D,1,False
2025,H5593,001,AZ,WEST,DSNP,D,1,False
2025,H5593,001,IL,CENTRAL,DSNP,D,2,False
2025,H5593,001,SD,CENTRAL,DSNP,D,1,False
2025,H5593,001,NE,CENTRAL,DSNP,D,1,False
2025,H5793,017,PR,PUERTORICO,DSNP,D,1,False
2025,H5793,017,GA,SOUTHEAST,DSNP,D,1,False
2025,H5793,017,MA,NORTHEAST,DSNP,D,2,False
2025,H5793,017,CT,NORTHEAST,DSNP,D,2143,True
2025,H5793,017,FL,SOUTHEAST,DSNP,D,1,False
2025,H5793,017,ME,NORTHEAST,DSNP,D,1,False
2025,H5793,020,CT,NORTHEAST,DSNP,D,5430,True
2025,H5793,020,MA,NORTHEAST,DSNP,D,1,False
2025,H5793,020,FL,SOUTHEAST,DSNP,D,1,False
2025,H5793,020,TX,CENTRAL,DSNP,D,1,False
2025,H5793,020,KY,CENTRAL,DSNP,D,1,False
2025,H5793,020,NY,NORTHEAST,DSNP,D,1,False
2025,H5793,020,RI,NORTHEAST,DSNP,D,2,False
2025,H5793,020,TN,SOUTHEAST,DSNP,D,1,False
2025,H5793,020,PR,PUERTORICO,DSNP,D,1,False
2025,H6399,001,NJ,NORTHEAST,DSNP(FIDE),F,1969,True
2025,H6399,001,NJ,Unidentified_MA_Region,DSNP(FIDE),F,33,False
2025,H7149,006,IA,CENTRAL,DSNP,D,1,False
2025,H7149,006,NE,CENTRAL,DSNP,D,346,True
2025,H8597,001,AZ,WEST,DSNP,D,1,False
2025,H8597,001,MS,SOUTHEAST,DSNP,D,1,False
2025,H8597,001,OK,CENTRAL,DSNP,D,2,False
2025,H8597,001,LA,SOUTHEAST,DSNP,D,2,False
2025,H8597,001,FL,SOUTHEAST,DSNP,D,1,False
2025,H8597,001,TX,CENTRAL,DSNP,D,6431,True
2025,H8597,001,MI,CENTRAL,DSNP,D,1,False
2025,H8597,001,NV,WEST,DSNP,D,2,False
2025,H8597,001,IL,CENTRAL,DSNP,D,1,False
2025,H8597,002,OK,CENTRAL,DSNP,D,2,False
2025,H8597,002,NC,SOUTHEAST,DSNP,D,1,False
2025,H8597,002,TX,CENTRAL,DSNP,D,617,True
2025,H8597,003,FL,SOUTHEAST,DSNP,D,2,False
2025,H8597,003,CA,WEST,DSNP,D,1,False
2025,H8597,003,TX,CENTRAL,DSNP,D,824,True
2025,H8597,003,LA,SOUTHEAST,DSNP,D,1,False
2025,H8597,003,IA,CENTRAL,DSNP,D,1,False
2025,H8597,003,OK,CENTRAL,DSNP,D,1,False
2025,H8649,010,CA,WEST,DSNP,D,1,False
2025,H8649,010,UT,WEST,DSNP,D,119,True
2025,H8649,010,FL,SOUTHEAST,DSNP,D,1,False
2026,H0628,012,KY,CENTRAL,DSNP,D,675,True
2026,H0628,013,OH,CENTRAL,DSNP,D,5576,True
2026,H0628,018,OH,CENTRAL,ISNP,I,93,True
2026,H0628,031,OH,CENTRAL,CSNP,C,1222,True
2026,H0628,032,OH,CENTRAL,CSNP,C,913,True
2026,H0628,033,OH,CENTRAL,CSNP,C,1355,True
2026,H0628,034,OH,CENTRAL,CSNP,C,636,True
2026,H0628,035,OH,CENTRAL,CSNP,C,315,True
2026,H0628,036,OH,CENTRAL,CSNP,C,1936,True
2026,H0628,037,OH,CENTRAL,CSNP,C,1533,True
2026,H0628,038,OH,CENTRAL,CSNP,C,3059,True
2026,H0628,039,OH,CENTRAL,CSNP,C,1502,True
2026,H0628,040,PA,NORTHEAST,DSNP,D,1,False
2026,H0628,040,ME,NORTHEAST,DSNP,D,1,False
2026,H0628,040,KY,CENTRAL,DSNP,D,8063,True
2026,H0628,041,OH,CENTRAL,DSNP,D,7769,True
2026,H0628,041,MI,CENTRAL,DSNP,D,1,False
2026,H0628,041,FL,SOUTHEAST,DSNP,D,1,False
2026,H1206,004,IL,CENTRAL,CSNP,C,766,True
2026,H1206,009,IL,CENTRAL,CSNP,C,219,True
2026,H1608,062,CA,WEST,DSNP,D,1,False
2026,H1608,062,SD,CENTRAL,DSNP,D,142,True
2026,H1608,076,AR,SOUTHEAST,DSNP,D,314,True
2026,H1608,077,AR,SOUTHEAST,DSNP,D,245,True
2026,H1608,121,SD,CENTRAL,DSNP,D,147,True
2026,H1609,017,FL,SOUTHEAST,DSNP,D,165,True
2026,H1609,019,FL,SOUTHEAST,DSNP,D,135,True
2026,H1609,043,FL,SOUTHEAST,DSNP,D,666,True
2026,H1609,044,FL,SOUTHEAST,DSNP,D,241,True
2026,H1609,045,FL,SOUTHEAST,DSNP,D,255,True
2026,H1609,046,FL,SOUTHEAST,DSNP,D,163,True
2026,H1609,047,FL,SOUTHEAST,DSNP,D,94,True
2026,H1609,048,FL,SOUTHEAST,DSNP,D,238,True
2026,H1609,049,FL,SOUTHEAST,DSNP,D,78,True
2026,H1609,055,FL,SOUTHEAST,DSNP,D,46,True
2026,H1609,056,FL,SOUTHEAST,DSNP,D,305,True
2026,H1609,061,FL,SOUTHEAST,DSNP,D,14,True
2026,H1609,062,FL,SOUTHEAST,DSNP,D,245,True
2026,H1609,064,FL,SOUTHEAST,DSNP,D,29,True
2026,H1609,073,FL,SOUTHEAST,DSNP (HIDE),D,2715,True
2026,H1609,074,FL,SOUTHEAST,DSNP (HIDE),D,97,True
2026,H1609,075,FL,SOUTHEAST,DSNP (HIDE),D,80,True
2026,H1609,076,FL,SOUTHEAST,DSNP (HIDE),D,56,True
2026,H1609,077,FL,SOUTHEAST,DSNP (HIDE),D,27,True
2026,H1609,078,FL,SOUTHEAST,DSNP (HIDE),D,118,True
2026,H1609,079,FL,SOUTHEAST,DSNP (HIDE),D,26,True
2026,H1609,080,FL,SOUTHEAST,CSNP,C,682,True
2026,H1609,081,FL,SOUTHEAST,CSNP,C,138,True
2026,H1609,082,FL,SOUTHEAST,CSNP,C,217,True
2026,H1609,083,FL,SOUTHEAST,CSNP,C,69,True
2026,H1609,084,FL,SOUTHEAST,CSNP,C,562,True
2026,H1609,085,FL,SOUTHEAST,CSNP,C,248,True
2026,H1609,088,FL,SOUTHEAST,DSNP (HIDE),D,460,True
2026,H1609,089,FL,SOUTHEAST,DSNP (HIDE),D,126,True
2026,H1609,090,FL,SOUTHEAST,DSNP (HIDE),D,686,True
2026,H1609,092,FL,SOUTHEAST,DSNP (HIDE),D,94,True
2026,H1609,094,FL,SOUTHEAST,CSNP,C,534,True
2026,H1610,001,VA,Unidentified_MA_Region,DSNP(FIDE),F,17,False
2026,H1610,001,VA,NORTHEAST,DSNP(FIDE),F,740,True
2026,H1692,005,WV,NORTHEAST,DSNP,D,1941,True
2026,H2293,002,GA,SOUTHEAST,DSNP,D,9542,True
2026,H2293,002,OH,CENTRAL,DSNP,D,1,False
2026,H2293,004,GA,SOUTHEAST,DSNP,D,3087,True
2026,H2293,021,GA,SOUTHEAST,DSNP,D,694,True
2026,H2293,035,GA,SOUTHEAST,CSNP,C,3013,True
2026,H2663,097,AR,SOUTHEAST,DSNP,D,1015,True
2026,H2663,098,MO,CENTRAL,CSNP,C,692,True
2026,H2663,098,KS,CENTRAL,CSNP,C,322,False
2026,H2663,099,KS,CENTRAL,CSNP,C,102,True
2026,H2663,100,IL,CENTRAL,CSNP,C,329,True
2026,H2663,102,MO,CENTRAL,CSNP,C,808,True
2026,H3146,002,NC,SOUTHEAST,DSNP,D,2576,True
2026,H3146,002,SC,SOUTHEAST,DSNP,D,1,False
2026,H3146,016,SC,SOUTHEAST,DSNP,D,1331,True
2026,H3146,016,NC,SOUTHEAST,DSNP,D,1,False
2026,H3146,022,NC,SOUTHEAST,DSNP,D,2222,True
2026,H3146,022,FL,SOUTHEAST,DSNP,D,1,False
2026,H3146,023,SC,SOUTHEAST,DSNP,D,3302,True
2026,H3146,036,SC,SOUTHEAST,CSNP,C,465,True
2026,H3146,037,NC,SOUTHEAST,CSNP,C,268,True
2026,H3146,038,SC,SOUTHEAST,CSNP,C,544,True
2026,H3146,044,NC,SOUTHEAST,CSNP,C,193,True
2026,H3192,007,MI,CENTRAL,DSNP,D,3086,True
2026,H3192,028,IN,CENTRAL,CSNP,C,38,True
2026,H3192,029,IN,CENTRAL,CSNP,C,119,True
2026,H3192,033,MI,CENTRAL,CSNP,C,1616,True
2026,H3219,015,MN,CENTRAL,CSNP,C,662,True
2026,H3219,016,MN,CENTRAL,CSNP,C,568,True
2026,H3239,001,IA,CENTRAL,DSNP,D,1,False
2026,H3239,001,LA,SOUTHEAST,DSNP,D,2547,True
2026,H3239,001,IL,CENTRAL,DSNP,D,1,False
2026,H3239,001,TX,CENTRAL,DSNP,D,1,False
2026,H3239,002,AL,SOUTHEAST,DSNP,D,8883,True
2026,H3239,005,KY,CENTRAL,DSNP,D,1,False
2026,H3239,005,MS,SOUTHEAST,DSNP,D,2020,True
2026,H3239,007,LA,SOUTHEAST,DSNP,D,725,True
2026,H3239,010,AL,SOUTHEAST,DSNP,D,1072,True
2026,H3239,012,NC,SOUTHEAST,DSNP,D,1,False
2026,H3239,012,MS,SOUTHEAST,DSNP,D,920,True
2026,H3239,015,MS,SOUTHEAST,DSNP,D,22,True
2026,H3239,023,LA,SOUTHEAST,DSNP,D,169,True
2026,H3239,026,AL,SOUTHEAST,DSNP,D,873,True
2026,H3239,027,LA,SOUTHEAST,DSNP,D,2333,True
2026,H3239,028,MS,SOUTHEAST,DSNP,D,2590,True
2026,H3239,030,LA,SOUTHEAST,CSNP,C,76,True
2026,H3288,053,OK,CENTRAL,DSNP,D,304,True
2026,H3312,069,NY,NORTHEAST,DSNP,D,5964,True
2026,H3312,070,NY,NORTHEAST,DSNP,D,4594,True
2026,H3312,087,NY,NORTHEAST,DSNP,D,233,True
2026,H3312,089,NY,NORTHEAST,DSNP,D,407,True
2026,H3312,090,NY,NORTHEAST,DSNP,D,436,True
2026,H3312,091,NY,NORTHEAST,CSNP,C,3298,True
2026,H3597,011,ME,NORTHEAST,DSNP,D,1646,True
2026,H3597,012,ME,NORTHEAST,DSNP,D,303,True
2026,H3931,175,CO,CENTRAL,DSNP,D,110,True
2026,H3931,188,AZ,WEST,CSNP,C,180,True
2026,H3931,191,NV,WEST,CSNP,C,320,True
2026,H3931,196,CO,CENTRAL,DSNP,D,1005,True
2026,H3959,035,PA,NORTHEAST,DSNP,D,3113,True
2026,H3959,036,PA,NORTHEAST,DSNP,D,3960,True
2026,H3959,066,PA,NORTHEAST,ISNP,I,19,True
2026,H3959,074,PA,NORTHEAST,CSNP,C,1605,True
2026,H3959,075,PA,NORTHEAST,CSNP,C,736,True
2026,H3959,076,PA,NORTHEAST,CSNP,C,630,True
2026,H3959,083,DE,NORTHEAST,CSNP,C,306,True
2026,H3959,084,DE,NORTHEAST,CSNP,C,529,True
2026,H3959,085,PA,NORTHEAST,CSNP,C,961,True
2026,H4523,028,TX,CENTRAL,DSNP,D,20,True
2026,H4523,029,TX,CENTRAL,DSNP,D,475,True
2026,H4523,030,TX,CENTRAL,DSNP,D,305,True
2026,H4523,034,TX,CENTRAL,DSNP,D,1825,True
2026,H4523,037,TX,CENTRAL,CSNP,C,1205,True
2026,H4523,038,TX,CENTRAL,CSNP,C,189,True
2026,H4523,039,TX,CENTRAL,CSNP,C,714,True
2026,H4523,041,TX,CENTRAL,DSNP,D,397,True
2026,H4523,043,TX,CENTRAL,DSNP,D,1368,True
2026,H4523,044,TX,CENTRAL,DSNP,D,966,True
2026,H4711,011,NV,WEST,DSNP,D,329,True
2026,H4711,012,CO,CENTRAL,DSNP,D,100,True
2026,H4711,013,NV,WEST,DSNP,D,106,True
2026,H5302,012,GA,SOUTHEAST,DSNP,D,13926,True
2026,H5302,012,AL,SOUTHEAST,DSNP,D,1,False
2026,H5302,020,GA,SOUTHEAST,DSNP,D,832,True
2026,H5302,024,GA,SOUTHEAST,DSNP,D,4954,True
2026,H5302,026,GA,SOUTHEAST,CSNP,C,2045,True
2026,H5325,003,MO,CENTRAL,DSNP,D,238,True
2026,H5325,004,MO,CENTRAL,DSNP,D,181,True
2026,H5325,005,MO,CENTRAL,DSNP,D,232,True
2026,H5325,006,MO,CENTRAL,DSNP,D,248,True
2026,H5325,007,AR,SOUTHEAST,DSNP,D,1254,True
2026,H5325,011,AR,SOUTHEAST,DSNP,D,115,True
2026,H5325,012,MO,CENTRAL,DSNP,D,597,True
2026,H5325,013,MO,CENTRAL,DSNP,D,847,True
2026,H5325,014,MO,CENTRAL,DSNP,D,1603,True
2026,H5325,015,MO,CENTRAL,DSNP,D,1197,True
2026,H5521,398,UT,WEST,DSNP,D,168,True
2026,H5521,461,NY,NORTHEAST,ISNP,I,30,True
2026,H5521,464,MS,SOUTHEAST,DSNP,D,279,True
2026,H5521,465,MS,SOUTHEAST,DSNP,D,461,True
2026,H5521,472,LA,SOUTHEAST,DSNP,D,477,True
2026,H5593,001,IA,CENTRAL,DSNP,D,908,True
2026,H5793,017,CT,NORTHEAST,DSNP,D,1448,True
2026,H5793,020,CT,NORTHEAST,DSNP,D,1854,True
2026,H5793,020,FL,SOUTHEAST,DSNP,D,1,False
2026,H6399,001,NJ,Unidentified_MA_Region,DSNP(FIDE),F,15,False
2026,H6399,001,NJ,NORTHEAST,DSNP(FIDE),F,1604,True
2026,H7149,006,NE,CENTRAL,DSNP,D,66,True
2026,H8597,001,TX,CENTRAL,DSNP,D,2528,True
2026,H8597,002,TX,CENTRAL,DSNP,D,84,True
2026,H8597,003,TX,CENTRAL,DSNP,D,133,True
2026,H8649,010,UT,WEST,DSNP,D,264,True
2026,H9314,001,NC,SOUTHEAST,DSNP (HIDE),D,1,False
2026,H9314,001,ME,NORTHEAST,DSNP (HIDE),D,1,False
2026,H9314,001,MI,CENTRAL,DSNP (HIDE),D,18075,True
2026,H9314,001,OH,CENTRAL,DSNP (HIDE),D,6,False
2026,H9314,001,TX,CENTRAL,DSNP (HIDE),D,4,False
2026,H9314,001,IN,CENTRAL,DSNP (HIDE),D,8,False
2026,H9314,001,NY,NORTHEAST,DSNP (HIDE),D,4,False
2026,H9314,001,WI,CENTRAL,DSNP (HIDE),D,2,False
2026,H9314,001,AZ,WEST,DSNP (HIDE),D,4,False
2026,H9314,001,FL,SOUTHEAST,DSNP (HIDE),D,6,False
2026,H9314,001,OR,WEST,DSNP (HIDE),D,1,False
2026,H9314,001,AR,SOUTHEAST,DSNP (HIDE),D,2,False
2026,H9314,001,CA,WEST,DSNP (HIDE),D,4,False
2026,H9314,001,GA,SOUTHEAST,DSNP (HIDE),D,5,False
2026,H9314,001,NJ,NORTHEAST,DSNP (HIDE),D,1,False
2026,H9314,001,MD,NORTHEAST,DSNP (HIDE),D,1,False
2026,H9314,001,NM,CENTRAL,DSNP (HIDE),D,1,False
2026,H9314,001,KS,CENTRAL,DSNP (HIDE),D,1,False
2026,H9314,001,AL,SOUTHEAST,DSNP (HIDE),D,1,False
2026,H9314,001,PA,NORTHEAST,DSNP (HIDE),D,3,False
2026,H9314,001,VA,NORTHEAST,DSNP (HIDE),D,4,False
2026,H9314,001,KY,CENTRAL,DSNP (HIDE),D,3,False
2026,H9314,001,IL,CENTRAL,DSNP (HIDE),D,2,False
2026,H9314,001,,Unidentified_MA_Region,DSNP (HIDE),D,204,False
2026,H9314,001,OK,CENTRAL,DSNP (HIDE),D,2,False
2026,H9314,001,CO,CENTRAL,DSNP (HIDE),D,1,False
2026,H9314,001,TN,SOUTHEAST,DSNP (HIDE),D,1,False
2026,H9771,001,AL,SOUTHEAST,DSNP (FIDE),F,1,False
2026,H9771,001,ID,WEST,DSNP (FIDE),F,1,False
2026,H9771,001,CA,WEST,DSNP (FIDE),F,9,False
2026,H9771,001,NJ,NORTHEAST,DSNP (FIDE),F,3,False
2026,H9771,001,PA,NORTHEAST,DSNP (FIDE),F,1,False
2026,H9771,001,NY,NORTHEAST,DSNP (FIDE),F,6,False
2026,H9771,001,WI,CENTRAL,DSNP (FIDE),F,11,False
2026,H9771,001,TN,SOUTHEAST,DSNP (FIDE),F,7,False
2026,H9771,001,OH,CENTRAL,DSNP (FIDE),F,1,False
2026,H9771,001,MD,NORTHEAST,DSNP (FIDE),F,2,False
2026,H9771,001,PR,PUERTORICO,DSNP (FIDE),F,2,False
2026,H9771,001,MO,CENTRAL,DSNP (FIDE),F,10,False
2026,H9771,001,AR,SOUTHEAST,DSNP (FIDE),F,2,False
2026,H9771,001,FL,SOUTHEAST,DSNP (FIDE),F,11,False
2026,H9771,001,NC,SOUTHEAST,DSNP (FIDE),F,3,False
2026,H9771,001,IL,CENTRAL,DSNP (FIDE),F,24140,True
2026,H9771,001,GA,SOUTHEAST,DSNP (FIDE),F,7,False
2026,H9771,001,MA,NORTHEAST,DSNP (FIDE),F,2,False
2026,H9771,001,CO,CENTRAL,DSNP (FIDE),F,4,False
2026,H9771,001,NM,CENTRAL,DSNP (FIDE),F,2,False
2026,H9771,001,WA,WEST,DSNP (FIDE),F,2,False
2026,H9771,001,UT,WEST,DSNP (FIDE),F,1,False
2026,H9771,001,IA,CENTRAL,DSNP (FIDE),F,15,False
2026,H9771,001,OK,CENTRAL,DSNP (FIDE),F,1,False
2026,H9771,001,MT,WEST,DSNP (FIDE),F,1,False
2026,H9771,001,,Unidentified_MA_Region,DSNP (FIDE),F,59,False
2026,H9771,001,KS,CENTRAL,DSNP (FIDE),F,1,False
2026,H9771,001,LA,SOUTHEAST,DSNP (FIDE),F,1,False
2026,H9771,001,DE,NORTHEAST,DSNP (FIDE),F,1,False
2026,H9771,001,NH,NORTHEAST,DSNP (FIDE),F,2,False
2026,H9771,001,NE,CENTRAL,DSNP (FIDE),F,1,False
2026,H9771,001,AZ,WEST,DSNP (FIDE),F,2,False
2026,H9771,001,MN,CENTRAL,DSNP (FIDE),F,3,False
2026,H9771,001,MI,CENTRAL,DSNP (FIDE),F,10,False
2026,H9771,001,IN,CENTRAL,DSNP (FIDE),F,19,False
2026,H9771,001,TX,CENTRAL,DSNP (FIDE),F,18,False
2026,H9771,001,MS,SOUTHEAST,DSNP (FIDE),F,1,False